prompt_id,prompt,seed,kv_mode,method,denoising_step,block,anchors,oracle_anchors,mesh_current_nmse,mesh_rhyme_nmse,mesh_fixed_nmse,mesh_oracle_nmse,mesh_relative_improvement_over_rhyme,mesh_relative_improvement_over_fixed,fixed_relative_improvement_over_rhyme,mesh_win_over_rhyme,mesh_win_over_fixed,mesh_exact_oracle_anchors,headroom_recovery,oracle_regret,swap_gain_spearman,swap_gain_recovery,swap_regret,swap_normalized_regret,swap_top1_exact,swap_chose_noop,swap_noop_correct,swap_prior_gain_spearman,swap_prior_gain_recovery,swap_prior_regret,swap_regret_reduction_vs_prior,operator_block_delta_nmse,operator_relative_l2,non_anchor_cvar10,exact_anchor_delta_error,propagation_plus_1_relative_l2,propagation_plus_3_relative_l2,rhyme_operator_block_delta_nmse,rhyme_operator_relative_l2,operator_nmse_relative_improvement_over_rhyme,operator_l2_relative_improvement_over_rhyme,rhyme_propagation_plus_1_relative_l2,rhyme_propagation_plus_3_relative_l2,propagation_plus_1_relative_improvement_over_rhyme,propagation_plus_3_relative_improvement_over_rhyme,trace_path
p0_s0,A red toy car moves smoothly from left to right across a wooden table.,0,anchor_only,coframe,5,8,"[0,1,2,3,4,6,7,13,20]","[0,1,2,3,4,6,7,14,20]",0.17258817905008414,0.24268458969816303,0.23885309970482918,0.17149734249933915,0.28883750194135,0.2774296031185451,0.015787941039434095,True,True,False,0.9846765173023433,0.001090836550744989,0.3774830414093348,-10.020365179496455,17570.92254929329,0.06976738335576832,False,False,True,0.3088589652728561,-10.020365179496455,17570.92254929329,0.0,0.20080002275157322,0.44810715543447105,0.6754463911056519,0.15333026979392173,0.1052039950820217,0.08803278948788244,,,,,,,,,outputs/probe/p0_s0/coframe_anchor_only_seed0/trace.json
p0_s0,A red toy car moves smoothly from left to right across a wooden table.,0,anchor_only,coframe,5,14,"[0,1,2,4,7,10,13,17,20]","[0,1,3,4,6,7,12,16,20]",0.1965029133869656,0.25079219031013456,0.2115775678631106,0.15522688058557912,0.2164711622639994,0.07124883147299535,0.15636301273389086,True,True,False,0.5680856063737464,0.041276032801386475,0.04539840032398502,-0.7479791655496059,106990.03450520826,0.3298533635103648,False,False,True,0.5368026728763795,-0.007085639701258314,61641.539822048624,-45348.49468315963,0.2132170744943987,0.46175434431567475,0.9380984306335449,0.13956352077456594,0.0852452016293277,0.06826343996995034,,,,,,,,,outputs/probe/p0_s0/coframe_anchor_only_seed0/trace.json
p0_s0,A red toy car moves smoothly from left to right across a wooden table.,0,anchor_only,coframe,5,20,"[0,1,2,4,7,10,13,17,20]","[0,1,3,4,6,7,11,15,20]",0.12370860464106244,0.11825297470042997,0.12225984165158098,0.0950684779093244,-0.04613524483805334,-0.011849868034429332,-0.033883857563005,False,False,False,-0.23531370940625487,0.028640126731738033,0.15237420269312543,0.0,47043.91927083349,0.1452036510977372,False,True,False,0.5819783335020755,0.019882314832319507,46108.577256944554,-935.3420138889342,0.14044630887057555,0.3747616694254837,0.7104394435882568,0.10855618425303878,0.12438313576675013,0.10475427215640462,,,,,,,,,outputs/probe/p0_s0/coframe_anchor_only_seed0/trace.json
p0_s0,A red toy car moves smoothly from left to right across a wooden table.,0,anchor_only,coframe,20,8,"[0,1,3,6,9,12,15,18,20]","[0,1,3,6,9,12,15,18,20]",0.12521040758676716,0.4009841178096424,0.16477508658134024,0.125211256588612,0.6877422271218039,0.24011323444240593,0.589073284295107,True,True,True,1.000003078627248,-8.490018448548131e-07,0.8346663966791535,,0.0,0.0,True,True,True,0.2673686342006682,,12790.132812499942,12790.132812499942,0.15131807905213226,0.38899624555017526,0.5060542821884155,0.1847046069731073,0.09850166034879766,0.08902335639436752,,,,,,,,,outputs/probe/p0_s0/coframe_anchor_only_seed0/trace.json
p0_s0,A red toy car moves smoothly from left to right across a wooden table.,0,anchor_only,coframe,20,14,"[0,1,3,6,9,12,15,18,20]","[0,1,3,6,9,12,15,18,20]",0.07978256032808792,0.28594100221006596,0.10573125157869287,0.07979193023008124,0.7209824414426728,0.24542120577558899,0.6302340316307011,True,True,True,1.0000454520697248,-9.369901993322438e-06,0.9059633491950997,,0.0,0.0,True,True,True,0.46238736458438795,,11858.717990451376,11858.717990451376,0.10355753627231098,0.32180356783651576,0.4217637777328491,0.13866617139576332,0.0736999839203742,0.06669181647350564,,,,,,,,,outputs/probe/p0_s0/coframe_anchor_only_seed0/trace.json
p0_s0,A red toy car moves smoothly from left to right across a wooden table.,0,anchor_only,coframe,20,20,"[0,1,3,6,9,12,15,18,20]","[0,1,3,6,9,12,15,18,20]",0.05772761675803131,0.12950960047169693,0.0697814373910043,0.05772873850028965,0.5542599425233566,0.1727367776251465,0.4611871464598151,True,True,True,1.0000156273166345,-1.1217422583448267e-06,0.4013161891262529,,0.0,0.0,True,True,True,0.5759036144578313,,5571.283311631967,5571.283311631967,0.07974933391648353,0.2823992456018315,0.3724815845489502,0.13515895182539683,0.11557143581064072,0.09905965156936411,,,,,,,,,outputs/probe/p0_s0/coframe_anchor_only_seed0/trace.json
p0_s0,A red toy car moves smoothly from left to right across a wooden table.,0,anchor_only,coframe,40,8,"[0,1,3,6,9,12,15,18,20]","[0,1,3,6,9,12,15,18,20]",0.08475807518329868,0.30172025462243446,0.12027497173949714,0.08476060674611022,0.7190839067487765,0.29529748411102763,0.6013692488427521,True,True,True,1.000011668357855,-2.5315628115335498e-06,0.6253923256049407,,0.0,0.0,True,True,True,0.07425331578414499,,10500.731879340281,10500.731879340281,0.10228897969175184,0.31982648372477196,0.43674880266189575,0.15478355158527873,0.09501680147672886,0.08268367820973448,,,,,,,,,outputs/probe/p0_s0/coframe_anchor_only_seed0/trace.json
p0_s0,A red toy car moves smoothly from left to right across a wooden table.,0,anchor_only,coframe,40,14,"[0,1,3,6,9,12,15,18,20]","[0,1,3,6,9,12,15,18,20]",0.04105035203247031,0.1556437602891887,0.05684964177412394,0.04105198087772946,0.73625443155448,0.27791362000885883,0.634745127793775,True,True,True,1.0000142143290514,-1.6288452591509128e-06,0.8765212108939961,,0.0,0.0,True,True,True,0.3465627214741318,,7782.5587022569525,7782.5587022569525,0.055784315119772034,0.23618703419064313,0.31651782989501953,0.11277119798433871,0.06912752246526264,0.056663378054183484,,,,,,,,,outputs/probe/p0_s0/coframe_anchor_only_seed0/trace.json
p0_s0,A red toy car moves smoothly from left to right across a wooden table.,0,anchor_only,coframe,40,20,"[0,1,3,6,9,12,15,18,20]","[0,1,3,6,9,12,15,18,20]",0.044955430697555615,0.1231632856820875,0.05948918633838451,0.04495505762474982,0.6349932494201573,0.244309201980986,0.5169892877660016,True,True,True,0.9999952297499244,3.730728057940724e-07,0.20328034828389188,,0.0,0.0,True,True,True,0.38102662751847727,,5446.322808159704,5446.322808159704,0.06614110699899735,0.25717913406611614,0.335244357585907,0.13257591093862417,0.10793534066329642,0.09651611662114161,,,,,,,,,outputs/probe/p0_s0/coframe_anchor_only_seed0/trace.json
p0_s0,A red toy car moves smoothly from left to right across a wooden table.,0,full_kv,coframe,5,8,"[0,1,2,3,4,6,7,13,20]","[0,1,2,3,4,6,7,14,20]",0.1750971963605958,0.250254378483365,0.24005949927797707,0.17403959630096436,0.30032314550598393,0.27060917444536575,0.0407380652725148,True,True,False,0.9861234260684448,0.0010576000596314583,0.3897337248152273,-9.34661555270658,16341.734126984025,0.06251736130077097,False,False,True,0.3207856636630556,-9.34661555270658,16341.734126984025,0.0,0.17511513598866066,0.4184676044673717,0.6649278402328491,0.0024629986655057157,0.0970855305984939,0.08022141967433125,,,,,,,,,outputs/probe/p0_s0/coframe_full_kv_seed0/trace.json
p0_s0,A red toy car moves smoothly from left to right across a wooden table.,0,full_kv,coframe,5,14,"[0,1,2,4,7,10,13,17,20]","[0,1,3,4,6,7,12,16,20]",0.21476872122718896,0.3008941032411652,0.23086473265149382,0.1681163457591333,0.2862315382264144,0.06972052959081844,0.23273759716568188,True,True,False,0.6486431436050661,0.046652375468055646,0.29745874253315785,-0.6795656564874502,125977.26106770831,0.34962751907026174,False,False,True,0.6694947858661537,-0.019825540938371834,76492.88845486112,-49484.37261284719,0.21479019618463205,0.46345463228306616,0.9875470399856567,0.0025232212349357353,0.08553463416846795,0.06699799112827423,,,,,,,,,outputs/probe/p0_s0/coframe_full_kv_seed0/trace.json
p0_s0,A red toy car moves smoothly from left to right across a wooden table.,0,full_kv,coframe,5,20,"[0,1,2,4,7,10,13,17,20]","[0,1,3,4,6,7,11,15,20]",0.1235006471477153,0.1217645175996791,0.12671491349907096,0.0945444184063908,-0.01425809079902911,0.02536612512764116,-0.0406554881255893,False,True,False,-0.06378116169629106,0.028956228741324502,0.14182444061962135,0.0,52471.356119791686,0.15832067754675988,False,True,False,0.6059329755998785,0.017834550678649152,51535.553059895814,-935.8030598958721,0.12350814612440775,0.3514372577351578,0.7002841234207153,0.001422904946849736,0.1123088306772106,0.10013929366390573,,,,,,,,,outputs/probe/p0_s0/coframe_full_kv_seed0/trace.json
p0_s0,A red toy car moves smoothly from left to right across a wooden table.,0,full_kv,coframe,20,8,"[0,1,3,6,9,12,15,18,20]","[0,1,3,6,9,12,15,18,20]",0.14019587284099225,0.44519249611088674,0.18001231969111042,0.1401955367197112,0.6850893173948,0.22118734383535882,0.5956528439637633,True,True,True,0.9999988979520265,3.3612128105819927e-07,0.8358003442340792,,0.0,0.0,True,True,True,0.25149336843171005,,15507.184950086812,15507.184950086812,0.1402086449289562,0.37444444838848423,0.5076472759246826,0.0022198640881719383,0.092490988023892,0.07984575639623204,,,,,,,,,outputs/probe/p0_s0/coframe_full_kv_seed0/trace.json
p0_s0,A red toy car moves smoothly from left to right across a wooden table.,0,full_kv,coframe,20,14,"[0,1,3,6,9,12,15,18,20]","[0,1,3,6,9,12,15,18,20]",0.10260572065040623,0.3704004229055109,0.13788826594708584,0.10260493410067935,0.7229870315872157,0.2558777939104635,0.627731888464228,True,True,True,0.9999970628716324,7.865497268777499e-07,0.9292700212615167,,0.0,0.0,True,True,True,0.36405791232155515,,16861.971896701376,16861.971896701376,0.10262752027257474,0.32035530317535676,0.4439185559749603,0.002164476742531002,0.07441995791547593,0.06594178741686559,,,,,,,,,outputs/probe/p0_s0/coframe_full_kv_seed0/trace.json
p0_s0,A red toy car moves smoothly from left to right across a wooden table.,0,full_kv,coframe,20,20,"[0,1,3,6,9,12,15,18,20]","[0,1,3,6,9,12,15,18,20]",0.06252940403850157,0.14342589884911627,0.07883097572339139,0.06253310604974446,0.5640298959933145,0.20679144886002818,0.45037140184617985,True,True,True,1.0000457644137972,-3.7020112428898244e-06,0.3523539536296446,,0.0,0.0,True,True,True,0.47004151058013566,,7304.512152777781,7304.512152777781,0.06254326965969131,0.25008652434645756,0.34410560131073,0.0014474015379254844,0.0910200733157125,0.08524250236127842,,,,,,,,,outputs/probe/p0_s0/coframe_full_kv_seed0/trace.json
p0_s0,A red toy car moves smoothly from left to right across a wooden table.,0,full_kv,coframe,40,8,"[0,1,3,6,9,12,15,18,20]","[0,1,3,6,9,12,15,18,20]",0.09112932036757818,0.3034991179016907,0.12323216452648827,0.09113157985063278,0.6997377751947973,0.26050702170381596,0.5939620339641133,True,True,True,1.0000106394935655,-2.259483054600775e-06,0.7933988053052546,,0.0,0.0,True,True,True,0.2095373088994634,,11445.140245225717,11445.140245225717,0.09114095348765801,0.30189560031185947,0.4137197732925415,0.0020319759005266117,0.08805794078083194,0.07565972787284596,,,,,,,,,outputs/probe/p0_s0/coframe_full_kv_seed0/trace.json
p0_s0,A red toy car moves smoothly from left to right across a wooden table.,0,full_kv,coframe,40,14,"[0,1,3,6,9,12,15,18,20]","[0,1,3,6,9,12,15,18,20]",0.0520231323389261,0.20311833250001676,0.07713435623586522,0.05202528193504472,0.7438777106004363,0.32555174013707694,0.6202491656637696,True,True,True,1.0000142269688153,-2.1495961186196455e-06,0.9276298471195707,,0.0,0.0,True,True,True,0.4659511997570112,,12177.495768229128,12177.495768229128,0.052034729919005755,0.22811122269411857,0.31543034315109253,0.001885019146314054,0.06661380970723006,0.0571641620191396,,,,,,,,,outputs/probe/p0_s0/coframe_full_kv_seed0/trace.json
p0_s0,A red toy car moves smoothly from left to right across a wooden table.,0,full_kv,coframe,40,20,"[0,1,3,6,9,12,15,18,20]","[0,1,3,6,9,12,15,18,20]",0.05117878197398292,0.13546962473556876,0.06643859720897277,0.05117959727584072,0.6222121226519831,0.22968298362760972,0.5095683084775776,True,True,True,1.0000096725779117,-8.153018577969351e-07,0.39386453376531333,,0.0,0.0,True,True,True,0.4717019337855624,,6376.238715277752,6376.238715277752,0.051195899329863064,0.22626510851181422,0.3111443519592285,0.0015636537115975482,0.08342274392980749,0.0696284125836594,,,,,,,,,outputs/probe/p0_s0/coframe_full_kv_seed0/trace.json
p1_s0,A red toy car makes a sharp U-turn around a blue cube.,0,anchor_only,coframe,5,8,"[0,2,3,5,7,10,12,16,20]","[0,2,3,5,7,10,12,16,20]",0.20361206698314605,0.22981815422835897,0.25523597292407085,0.20360751768005914,0.11402966546834775,0.2022595222354578,-0.11059969905795802,True,True,True,0.9998264329415073,4.549303086909262e-06,0.4876784448719247,,76665.43109809031,0.22018108737226988,False,False,False,0.8374405183760251,,49462.36919487844,-27203.06190321187,0.22405475020930588,0.4733442195794788,0.7969874739646912,0.14612420646247942,0.12295589184476317,0.10094593493445055,,,,,,,,,outputs/probe/p1_s0/coframe_anchor_only_seed0/trace.json
p1_s0,A red toy car makes a sharp U-turn around a blue cube.,0,anchor_only,coframe,5,14,"[0,3,5,7,10,12,14,17,20]","[0,2,3,5,7,10,12,16,20]",0.22555332679825285,0.230343139113269,0.22253563604656515,0.18624097485039606,0.020794247805491668,-0.013560483189560955,0.03389509710061125,True,False,False,0.10860719411560538,0.03931235194785679,0.7746886706489825,-0.19801005024051604,76487.62819010415,0.18366385219994255,False,False,True,0.7519489723600283,0.25895205101144464,47312.624782986124,-29175.003407118027,0.2436347785880435,0.49359373840036047,0.9565483927726746,0.13021411746450587,0.10510257727571624,0.09206353966036261,,,,,,,,,outputs/probe/p1_s0/coframe_anchor_only_seed0/trace.json
p1_s0,A red toy car makes a sharp U-turn around a blue cube.,0,anchor_only,coframe,5,20,"[0,2,5,7,9,12,14,17,20]","[0,3,5,6,8,10,13,16,20]",0.14492188808510506,0.1273330213741156,0.14068794515656294,0.12163478605846564,-0.13813279949834723,-0.030094567973328695,-0.10488185734012712,False,False,False,-3.086721719386077,0.023287102026639417,0.7401032702237521,0.0,46310.166145833326,0.10546745302224529,False,True,False,0.8652019844082212,0.5700008885213105,19913.330295138818,-26396.835850694508,0.15693499944802772,0.3961502233345675,0.7004886269569397,0.10066233630259193,0.14785631069313296,0.1300746536716437,,,,,,,,,outputs/probe/p1_s0/coframe_anchor_only_seed0/trace.json
p1_s0,A red toy car makes a sharp U-turn around a blue cube.,0,anchor_only,coframe,20,8,"[0,2,5,7,9,12,14,17,20]","[0,2,5,7,9,12,14,17,20]",0.14055177782174216,0.27651723436522774,0.17731301045404774,0.14054511408628625,0.491706988374911,0.2073239439010742,0.35876325806206244,True,True,True,0.9999509918986169,6.663735455908482e-06,0.752090715804394,,0.0,0.0,True,True,True,0.7260301711045865,,79683.91180555557,79683.91180555557,0.16115144955385233,0.40143673169486166,0.5738943219184875,0.1556701823442889,0.12335045531734448,0.10066680566950637,,,,,,,,,outputs/probe/p1_s0/coframe_anchor_only_seed0/trace.json
p1_s0,A red toy car makes a sharp U-turn around a blue cube.,0,anchor_only,coframe,20,14,"[0,2,5,7,9,12,14,17,20]","[0,2,5,7,9,12,14,17,20]",0.12137708033068646,0.2268834766688669,0.14500519865894076,0.12137113595000386,0.46502459274354946,0.162946698096175,0.36088250767342694,True,True,True,0.9999436617494968,5.944380682604278e-06,0.8725523944517566,,0.0,0.0,True,True,True,0.6572036043332996,,71346.70021701389,71346.70021701389,0.14367618557971784,0.3790464161283125,0.5741899609565735,0.1374105159449826,0.09526088176650677,0.08736340261242849,,,,,,,,,outputs/probe/p1_s0/coframe_anchor_only_seed0/trace.json
p1_s0,A red toy car makes a sharp U-turn around a blue cube.,0,anchor_only,coframe,20,20,"[0,2,5,7,9,12,14,17,20]","[0,2,5,7,9,12,14,17,20]",0.09150669106132708,0.13470304818754023,0.1023671827248125,0.09150647371489927,0.32067839375151364,0.10609348987048926,0.2400529601802933,True,True,True,0.9999949684337134,2.1734642781379154e-07,0.8353953629644629,,0.0,0.0,True,True,True,0.7349397590361446,,40213.92955729173,40213.92955729173,0.10920739811221733,0.33046542650059074,0.46728238463401794,0.12220959084163391,0.14636399890393653,0.13543350242171717,,,,,,,,,outputs/probe/p1_s0/coframe_anchor_only_seed0/trace.json
p1_s0,A red toy car makes a sharp U-turn around a blue cube.,0,anchor_only,coframe,40,8,"[0,2,5,7,9,12,14,17,20]","[0,2,5,7,9,12,14,17,20]",0.11079388032524047,0.22946721774429701,0.14206616068438588,0.1107931163166317,0.517169025648353,0.2201247658731335,0.3808868993099705,True,True,True,0.9999935621285556,7.640086087667974e-07,0.8350106307583274,,0.0,0.0,True,True,True,0.7089399615267794,,56991.310416666645,56991.310416666645,0.12472902745048703,0.35316996963287667,0.5106539726257324,0.12914245957859982,0.11246169303500429,0.08919311604406391,,,,,,,,,outputs/probe/p1_s0/coframe_anchor_only_seed0/trace.json
p1_s0,A red toy car makes a sharp U-turn around a blue cube.,0,anchor_only,coframe,40,14,"[0,2,5,7,9,12,14,17,20]","[0,2,5,7,9,12,14,17,20]",0.07273095695816208,0.13724481027577837,0.0871508193880694,0.07272851661299157,0.4700640642657656,0.16545871319577457,0.36499734151732655,True,True,True,0.9999621747463786,2.440345170509617e-06,0.8587020350308798,,0.0,0.0,True,True,True,0.6687050723904019,,41979.30555555553,41979.30555555553,0.08730580556259998,0.2954755583167582,0.44408300518989563,0.10892038701514253,0.08421202012948557,0.07396779563433553,,,,,,,,,outputs/probe/p1_s0/coframe_anchor_only_seed0/trace.json
p1_s0,A red toy car makes a sharp U-turn around a blue cube.,0,anchor_only,coframe,40,20,"[0,2,5,7,9,12,14,17,20]","[0,2,5,7,9,12,14,17,20]",0.07404684273505255,0.1346375210500855,0.09091646084070923,0.07404795613106928,0.4500281781962776,0.18555075670194865,0.32473161915326654,True,True,True,1.000018376035844,-1.113396016730328e-06,0.854328237319024,,0.0,0.0,True,True,True,0.6456616381492356,,53658.54309895844,53658.54309895844,0.0915833186780729,0.302627359434128,0.4255504012107849,0.12056077605185492,0.13375611656744166,0.11978236086344603,,,,,,,,,outputs/probe/p1_s0/coframe_anchor_only_seed0/trace.json
p1_s0,A red toy car makes a sharp U-turn around a blue cube.,0,full_kv,coframe,5,8,"[0,2,3,5,7,10,12,16,20]","[0,2,3,5,7,10,12,16,20]",0.2057055489751047,0.23089215698338778,0.2533350914059439,0.2057007563397731,0.10908386121619192,0.18801004695602025,-0.09720093880958829,True,True,True,0.9998097511369297,4.792635331596351e-06,0.532165637339273,,73287.98708767362,0.20391990880538596,False,False,False,0.8306368330464716,,49682.907280816,-23605.079806857626,0.2057275487307107,0.4535719884767033,0.7963285446166992,0.0023509162130722293,0.11623781484853979,0.09288062649341709,,,,,,,,,outputs/probe/p1_s0/coframe_full_kv_seed0/trace.json
p1_s0,A red toy car makes a sharp U-turn around a blue cube.,0,full_kv,coframe,5,14,"[0,3,5,7,10,12,14,17,20]","[0,2,3,5,7,10,12,16,20]",0.23915983735374396,0.2550399139375931,0.23641229410847103,0.1988040754510642,0.06226506407830315,-0.01162182895620606,0.07303805722613349,True,False,False,0.28238356555585403,0.040355761902679754,0.7666295433836186,-0.23832165071899675,83289.3303602431,0.18019453952063744,False,False,True,0.741095474334312,0.21263897402823825,52957.78569878475,-30331.54466145835,0.23914565767454038,0.48902521169622776,0.9629191160202026,0.00267740377644029,0.10079732859358105,0.08915922365139976,,,,,,,,,outputs/probe/p1_s0/coframe_full_kv_seed0/trace.json
p1_s0,A red toy car makes a sharp U-turn around a blue cube.,0,full_kv,coframe,5,20,"[0,2,5,7,9,12,14,17,20]","[0,3,5,6,8,10,13,16,20]",0.1428854957980309,0.12917223213410806,0.1383679766463509,0.12077580396004892,-0.10616262827823222,-0.03264858864870261,-0.0711897933504448,False,False,False,-1.6332258645753823,0.022109691837981976,0.730748202895616,0.0,42364.880381944415,0.09380359431426193,False,True,False,0.8643920218689886,0.5105686723096553,20734.699652777694,-21630.18072916672,0.14290084869803057,0.37802228598064236,0.6812452077865601,0.0015370286396892152,0.13844766648805198,0.12364134423471015,,,,,,,,,outputs/probe/p1_s0/coframe_full_kv_seed0/trace.json
p1_s0,A red toy car makes a sharp U-turn around a blue cube.,0,full_kv,coframe,20,8,"[0,2,5,7,9,12,14,17,20]","[0,2,5,7,9,12,14,17,20]",0.15128572510219607,0.32660037190072877,0.19549741382218863,0.1512752389106997,0.5367864273339534,0.2261497369996135,0.40141705079989715,True,True,True,0.9999401900268515,1.0486191496378305e-05,0.845074415308292,,0.0,0.0,True,True,True,0.6771084337349398,,109598.05579427083,109598.05579427083,0.15129525220203155,0.38896690373607823,0.5845088958740234,0.002139915314921216,0.1167765643571432,0.09170042010468003,,,,,,,,,outputs/probe/p1_s0/coframe_full_kv_seed0/trace.json
p1_s0,A red toy car makes a sharp U-turn around a blue cube.,0,full_kv,coframe,20,14,"[0,2,5,7,9,12,14,17,20]","[0,2,5,7,9,12,14,17,20]",0.1585995951190229,0.31601772071092316,0.19233602527235735,0.15860253180105643,0.49813069101874285,0.17540359433736857,0.39137582272388927,True,True,True,1.0000186556459632,-2.9366820335219312e-06,0.8596537410144781,,0.0,0.0,True,True,True,0.41982383314771693,,117127.25440538197,117127.25440538197,0.15860136525523366,0.39824786911574767,0.6440761089324951,0.0023451508420275105,0.0903535411720325,0.08425485411257001,,,,,,,,,outputs/probe/p1_s0/coframe_full_kv_seed0/trace.json
p1_s0,A red toy car makes a sharp U-turn around a blue cube.,0,full_kv,coframe,20,20,"[0,2,5,7,10,12,14,17,20]","[0,2,5,7,9,12,14,17,20]",0.09917939392068258,0.15454287956263552,0.10804316251032746,0.09540112043786432,0.35824028773525196,0.08203914420588741,0.3008855353537135,True,True,False,0.936114962782097,0.0037782734828182563,0.8987141844689683,1.0,0.0,0.0,True,False,True,0.7478181634099423,-5.765475256087192,69223.0889756945,69223.0889756945,0.09919255454715706,0.31494849507047507,0.47893697023391724,0.001628128113068106,0.12578241769229595,0.11205142646146747,,,,,,,,,outputs/probe/p1_s0/coframe_full_kv_seed0/trace.json
p1_s0,A red toy car makes a sharp U-turn around a blue cube.,0,full_kv,coframe,40,8,"[0,2,5,7,9,12,14,17,20]","[0,2,5,7,9,12,14,17,20]",0.11372085208273977,0.24630179605783925,0.15248745766577235,0.11372116363283628,0.5382865496602607,0.2542281586725818,0.380891816030592,True,True,True,1.0000023498914647,-3.1155009651284704e-07,0.8135871215956262,,0.0,0.0,True,True,True,0.6841753568897438,,73231.79444444447,73231.79444444447,0.11372827498406446,0.3372362302364093,0.5171403884887695,0.0018759004817405832,0.1085237645366228,0.08401495066215336,,,,,,,,,outputs/probe/p1_s0/coframe_full_kv_seed0/trace.json
p1_s0,A red toy car makes a sharp U-turn around a blue cube.,0,full_kv,coframe,40,14,"[0,2,5,7,9,12,14,17,20]","[0,2,5,7,9,12,14,17,20]",0.09286174010245186,0.18854461324056251,0.11776201628118876,0.09286407355779644,0.507481340853953,0.21144573577341555,0.37541564165008956,True,True,True,1.0000243879826798,-2.333455344574742e-06,0.8764604637035537,,0.0,0.0,True,True,True,0.5557760453579021,,71123.20438368054,71123.20438368054,0.09289105416665033,0.3047803375656808,0.5178088545799255,0.0020510049320413538,0.07892520973701703,0.07139399029585172,,,,,,,,,outputs/probe/p1_s0/coframe_full_kv_seed0/trace.json
p1_s0,A red toy car makes a sharp U-turn around a blue cube.,0,full_kv,coframe,40,20,"[0,2,5,7,9,12,14,17,20]","[0,2,5,7,9,12,14,17,20]",0.07889446597520021,0.1442216699808147,0.09590609339950902,0.07889210816251531,0.45296385774970394,0.17737796235161737,0.33500913273111405,True,True,True,0.9999639089468951,2.3578126848999847e-06,0.7908069251797104,,0.0,0.0,True,True,True,0.6723904019439101,,51190.28654513889,51190.28654513889,0.07891472514802897,0.28091764833849253,0.41321802139282227,0.00172748395479483,0.10969855044416794,0.09472908852492955,,,,,,,,,outputs/probe/p1_s0/coframe_full_kv_seed0/trace.json
p2_s0,A gymnast performs a fast cartwheel and lands upright.,0,anchor_only,coframe,5,8,"[0,2,5,7,11,12,13,16,20]","[0,2,5,7,11,12,14,17,20]",0.20670732425217725,0.22855436920079852,0.2386751710613673,0.20395358002179295,0.09558795583307075,0.13393871958709347,-0.04428181310188407,True,True,False,0.8880627686231157,0.0027537442303842974,0.8498531942897641,-6.989891185616858,7168.513726128498,0.019917644500916223,False,False,True,0.8202895616077757,-22.43197353450081,21023.117838541686,13854.604112413188,0.2244244662265074,0.4737345947115404,0.7081882953643799,0.13050406433777714,0.1285372278999391,0.10508890636317786,,,,,,,,,outputs/probe/p2_s0/coframe_anchor_only_seed0/trace.json
p2_s0,A gymnast performs a fast cartwheel and lands upright.,0,anchor_only,coframe,5,14,"[0,2,5,7,10,13,16,18,20]","[0,2,5,7,10,12,14,17,20]",0.2308867548900925,0.24196196847110013,0.22060585569902813,0.19644589654354616,0.04577253876296866,-0.04660302038895362,0.0882622707486477,True,False,False,0.24332533788582605,0.03444085834654634,0.9031284803077858,0.18232071536083683,45706.497178819496,0.10951156639964055,False,False,True,0.8321555128075326,1.0,0.0,-45706.497178819496,0.24580909224363728,0.4957913797593069,0.8961004614830017,0.12872118204598076,0.10985138363934516,0.08782785598054385,,,,,,,,,outputs/probe/p2_s0/coframe_anchor_only_seed0/trace.json
p2_s0,A gymnast performs a fast cartwheel and lands upright.,0,anchor_only,coframe,5,20,"[0,2,5,7,10,12,15,18,20]","[0,2,5,7,9,11,13,16,20]",0.1451147985429222,0.15537791526323827,0.14546711515382446,0.1299971266012861,0.06605260923296917,0.0024219674015649984,0.06378512733050332,True,True,False,0.4043655560515069,0.015117671941636102,0.7027234990381694,0.580256324050569,11524.251562499907,0.026908549227263635,False,False,True,0.5294320137693632,1.0,0.0,-11524.251562499907,0.15239288122220232,0.3903753081615208,0.6277768611907959,0.07765522393918975,0.14525860101861862,0.13614773227959928,,,,,,,,,outputs/probe/p2_s0/coframe_anchor_only_seed0/trace.json
p2_s0,A gymnast performs a fast cartwheel and lands upright.,0,anchor_only,coframe,20,8,"[0,2,5,7,10,12,14,17,20]","[0,2,5,7,10,12,14,17,20]",0.1472042391042199,0.25545994334232197,0.17429926338189314,0.14720366143867225,0.4237678237211422,0.15545116916706359,0.31770413356614474,True,True,True,0.9999946639073735,5.776655476463777e-07,0.4212412675913739,,0.0,0.0,True,True,True,0.6701022577705781,,12743.349934895843,12743.349934895843,0.17395674223473365,0.41708121779185126,0.5835262537002563,0.1515119380743102,0.13353572276596334,0.11058387748412123,,,,,,,,,outputs/probe/p2_s0/coframe_anchor_only_seed0/trace.json
p2_s0,A gymnast performs a fast cartwheel and lands upright.,0,anchor_only,coframe,20,14,"[0,2,5,7,10,12,14,17,20]","[0,2,5,7,10,12,14,17,20]",0.12219963090425341,0.18619696831689592,0.13430260506189443,0.12219733914879699,0.34370773053470416,0.09011719580616669,0.27870681098674194,True,True,True,0.9999641911135079,2.2917554564211295e-06,0.8923964766629543,,0.0,0.0,True,True,True,0.47186392629340895,,12486.212565104186,12486.212565104186,0.14216596240399867,0.3770490185692023,0.5535645484924316,0.13072578023098458,0.11343941289134388,0.09765013175734556,,,,,,,,,outputs/probe/p2_s0/coframe_anchor_only_seed0/trace.json
p2_s0,A gymnast performs a fast cartwheel and lands upright.,0,anchor_only,coframe,20,20,"[0,2,5,7,10,12,14,17,20]","[0,2,5,7,10,12,14,17,20]",0.1109190688516052,0.15051062465181425,0.11762348845637516,0.11091741812517007,0.2630482458749919,0.05699898628033406,0.21850375195451474,True,True,True,0.9999583078366231,1.650726435126204e-06,0.5766528298066215,,0.0,0.0,True,True,True,0.6319732712362053,,6979.778645833372,6979.778645833372,0.12402947913607938,0.35217819230622355,0.511387825012207,0.10268829066208925,0.15951878932628658,0.14300596438062652,,,,,,,,,outputs/probe/p2_s0/coframe_anchor_only_seed0/trace.json
p2_s0,A gymnast performs a fast cartwheel and lands upright.,0,anchor_only,coframe,40,8,"[0,2,5,7,10,12,14,17,20]","[0,2,5,7,10,12,14,17,20]",0.12014315333371121,0.21228973222208664,0.1459366484431911,0.1201505978926661,0.4340604603145686,0.17674446675757763,0.31255908179996356,True,True,True,1.0000807969274845,-7.4445589548916e-06,0.5252404576288346,,0.0,0.0,True,True,True,0.6523843272248658,,9046.641493055562,9046.641493055562,0.13962466504968077,0.37366383963354116,0.5378368496894836,0.13170081181525325,0.12347417622434877,0.09728529349551125,,,,,,,,,outputs/probe/p2_s0/coframe_anchor_only_seed0/trace.json
p2_s0,A gymnast performs a fast cartwheel and lands upright.,0,anchor_only,coframe,40,14,"[0,2,5,7,10,12,14,17,20]","[0,2,5,7,10,12,14,17,20]",0.07515092187082349,0.11948382857678476,0.08511805526509311,0.07515298413165357,0.3710368778271219,0.1170977574996023,0.2876186151802704,True,True,True,1.0000465197732165,-2.0622608300768785e-06,0.8949681077250177,,0.0,0.0,True,True,True,0.4301508555229321,,8279.222330729186,8279.222330729186,0.08906662744313351,0.29844032476046783,0.4311620891094208,0.10497117980111008,0.09153359195646556,0.07555439303980216,,,,,,,,,outputs/probe/p2_s0/coframe_anchor_only_seed0/trace.json
p2_s0,A gymnast performs a fast cartwheel and lands upright.,0,anchor_only,coframe,40,20,"[0,2,5,7,10,12,14,17,20]","[0,2,5,7,10,12,14,17,20]",0.08766258050314928,0.13703361960995583,0.10029997373265459,0.08766270022749797,0.36028413499791717,0.12599597745847632,0.26806301973090735,True,True,True,1.0000024249973507,-1.1972434869889081e-07,0.5743444365698086,,0.0,0.0,True,True,True,0.6809355067328136,,9134.486653645785,9134.486653645785,0.10459670174163734,0.32341413349084996,0.46707093715667725,0.11507056134214494,0.14225754096655124,0.12758066779596353,,,,,,,,,outputs/probe/p2_s0/coframe_anchor_only_seed0/trace.json
p2_s0,A gymnast performs a fast cartwheel and lands upright.,0,full_kv,coframe,5,8,"[0,2,5,7,11,12,13,16,20]","[0,2,5,7,11,12,14,17,20]",0.2152088707607368,0.23831392992540806,0.24408360431378834,0.21088624447072907,0.09695219734701666,0.11829853805309608,-0.024210395045670116,True,True,False,0.8423991591579842,0.004322626290007736,0.8822719449225473,-1.4286811677698434,6406.617947048624,0.017014098698897473,False,False,True,0.8260402956363269,-8.113588476372188,24040.734646267374,17634.11669921875,0.2152164256127128,0.4639142438131349,0.701491117477417,0.002247861520175726,0.12396958323837022,0.10133152364537476,,,,,,,,,outputs/probe/p2_s0/coframe_full_kv_seed0/trace.json
p2_s0,A gymnast performs a fast cartwheel and lands upright.,0,full_kv,coframe,5,14,"[0,2,5,7,10,13,16,18,20]","[0,2,5,7,10,12,14,17,20]",0.24569981550837167,0.2635961281068809,0.24087033182831744,0.21336627498258476,0.06789292667930523,-0.020050139190643412,0.0862144540656863,True,False,False,0.3562883720608131,0.03233354052578691,0.912584792953326,0.15287873408491112,46324.756890191,0.10186323213064262,False,False,True,0.8273362356990989,1.0,0.0,-46324.756890191,0.24574146456099502,0.49572317331449717,0.8909960985183716,0.002775931833738843,0.10629057416784748,0.08291343518660221,,,,,,,,,outputs/probe/p2_s0/coframe_full_kv_seed0/trace.json
p2_s0,A gymnast performs a fast cartwheel and lands upright.,0,full_kv,coframe,5,20,"[0,2,5,7,10,12,15,18,20]","[0,2,5,7,9,11,13,16,20]",0.13990539184525896,0.15269432403471075,0.14038330209011865,0.12474019927371839,0.08375512495503491,0.0034043240025291117,0.08062527551314573,True,True,False,0.4574971421497579,0.015165192571540573,0.6446086868482332,0.5362211725201662,14426.765711805434,0.03376998794244656,False,False,True,0.4287131720157943,1.0,0.0,-14426.765711805434,0.13991634252650187,0.3740539299706686,0.611918568611145,0.0015354843434811712,0.13472611791863004,0.12903002840806488,,,,,,,,,outputs/probe/p2_s0/coframe_full_kv_seed0/trace.json
p2_s0,A gymnast performs a fast cartwheel and lands upright.,0,full_kv,coframe,20,8,"[0,2,5,7,10,12,14,17,20]","[0,2,5,7,10,12,14,17,20]",0.16998612341093802,0.2895568775026523,0.1967344359017401,0.16999321214215082,0.4129439270204142,0.13596151770888576,0.32056721429475266,True,True,True,1.000059288339743,-7.088731212800958e-06,0.48737470891971246,,0.0,0.0,True,True,True,0.4959603118355776,,16234.114366319438,16234.114366319438,0.1699912407646034,0.41229994029177763,0.5932930707931519,0.0021783558584726978,0.11847343279856408,0.09779511063094382,,,,,,,,,outputs/probe/p2_s0/coframe_full_kv_seed0/trace.json
p2_s0,A gymnast performs a fast cartwheel and lands upright.,0,full_kv,coframe,20,14,"[0,2,5,7,10,12,14,17,20]","[0,2,5,7,10,12,14,17,20]",0.1640051503282147,0.2663855460422742,0.18142725944990254,0.16401527611726555,0.384331647250156,0.09602806752696723,0.3189297912540989,True,True,True,1.0000989133764937,-1.0125789050852152e-05,0.8560899058418548,,0.0,0.0,True,True,True,0.03650906145590766,,17324.434244791628,17324.434244791628,0.16404211038350883,0.4050211233793971,0.6594521403312683,0.0023527322518265264,0.10020442167287162,0.08900832955402473,,,,,,,,,outputs/probe/p2_s0/coframe_full_kv_seed0/trace.json
p2_s0,A gymnast performs a fast cartwheel and lands upright.,0,full_kv,coframe,20,20,"[0,2,5,7,10,12,14,17,20]","[0,2,4,7,10,12,14,17,20]",0.10682932230433008,0.15207077058200028,0.1121711641316439,0.10640981679398999,0.2975025910931049,0.047622237574753506,0.26237525000796613,True,True,False,0.9908125986091372,0.0004195055103400902,0.5847929533259086,0.0,1114.103515625,0.003906108036710943,False,True,False,0.15338665586716616,-6.919930094516993,8823.62196180562,7709.51844618062,0.10684547441318687,0.3268722600851698,0.4808781147003174,0.0016069048527122918,0.13096905775172835,0.12373122895443411,,,,,,,,,outputs/probe/p2_s0/coframe_full_kv_seed0/trace.json
p2_s0,A gymnast performs a fast cartwheel and lands upright.,0,full_kv,coframe,40,8,"[0,2,5,7,10,12,14,17,20]","[0,2,5,7,10,12,14,17,20]",0.1333996226744282,0.2387182001988812,0.1658382294436356,0.13339958427776602,0.441183694568365,0.1956039139951895,0.30529708541086414,True,True,True,0.9999996354237867,3.839666218308224e-08,0.46755087577199556,,0.0,0.0,True,True,True,0.6713374506429077,,13666.757921006938,13666.757921006938,0.13340672369053747,0.36524885173062144,0.5445402264595032,0.0019966588377751055,0.10975861971930974,0.08516407286023545,,,,,,,,,outputs/probe/p2_s0/coframe_full_kv_seed0/trace.json
p2_s0,A gymnast performs a fast cartwheel and lands upright.,0,full_kv,coframe,40,14,"[0,2,5,7,10,12,14,17,20]","[0,2,5,7,10,12,14,17,20]",0.10304931779528362,0.17391595573530633,0.11741958605109123,0.10305641079141947,0.4074763447689591,0.12238391173985975,0.3248486859377094,True,True,True,1.0001000993746356,-7.092996135854568e-06,0.8777969018932874,,0.0,0.0,True,True,True,0.24136883669130302,,11927.05175781247,11927.05175781247,0.1030496812630234,0.32101352193174576,0.5152568221092224,0.002075814408962622,0.08563983535920246,0.07270854064782951,,,,,,,,,outputs/probe/p2_s0/coframe_full_kv_seed0/trace.json
p2_s0,A gymnast performs a fast cartwheel and lands upright.,0,full_kv,coframe,40,20,"[0,2,5,7,10,12,14,17,20]","[0,2,5,7,10,12,14,17,20]",0.10467777105355959,0.15377497726925105,0.11435270375089224,0.1046768836624387,0.31927955436940236,0.08460606859290949,0.25636338381200147,True,True,True,0.9999819261593332,8.87391120890646e-07,0.6682393439303432,,0.0,0.0,True,True,True,0.4653639769160676,,8336.711154513905,8336.711154513905,0.10470039226474737,0.32357439989088654,0.4659516215324402,0.0017551137575300545,0.12053888641169437,0.1032396938269224,,,,,,,,,outputs/probe/p2_s0/coframe_full_kv_seed0/trace.json
p3_s0,"Two dancers cross paths, exchange positions, and continue in opposite directions.",0,anchor_only,coframe,5,8,"[0,1,2,4,5,6,7,14,20]","[0,1,2,4,5,6,8,13,20]",0.1927523888035861,0.2814797396116184,0.2596353484976942,0.18933884382382019,0.3152175390330294,0.2576034429868939,0.0776055539345913,True,True,False,0.9629529868297855,0.0034135449797659256,0.4775944112584793,-2.343027322448486,13679.96981181798,0.04621571833195648,False,False,True,0.6218689885592791,-1.9301798436761588,11990.56063213048,-1689.4091796875,0.21698358930680742,0.4658149732531227,0.7064208984375,0.13718744269593866,0.12668584464265542,0.10715355625131465,,,,,,,,,outputs/probe/p3_s0/coframe_anchor_only_seed0/trace.json
p3_s0,"Two dancers cross paths, exchange positions, and continue in opposite directions.",0,anchor_only,coframe,5,14,"[0,1,2,4,7,10,14,17,20]","[0,1,3,5,6,7,11,15,20]",0.2073201300855202,0.3048979096411324,0.2372079973818459,0.17782352081522074,0.32003426875068486,0.1259985650830046,0.22200844977572376,True,True,False,0.7678791962500879,0.029496609270299456,0.1919206236711552,-1.419780557043413,88941.84852430568,0.26226237489755583,False,False,True,0.7525361952009719,0.0,36756.16297743068,-52185.685546875,0.23490324390851652,0.4846681791788239,0.986478328704834,0.17249051736766483,0.09668914784624845,0.08042226859387974,,,,,,,,,outputs/probe/p3_s0/coframe_anchor_only_seed0/trace.json
p3_s0,"Two dancers cross paths, exchange positions, and continue in opposite directions.",0,anchor_only,coframe,5,20,"[0,1,2,4,7,10,14,17,20]","[0,1,3,5,6,7,12,16,20]",0.12773415949603373,0.1343979292035576,0.12833618970240868,0.10087770614420691,0.049582383798719015,0.004691040054804191,0.04510292336400413,True,True,False,0.19879848936938854,0.02685645335182682,0.36322770071884175,0.0,46247.616319444496,0.12120611322948521,False,True,False,0.7825250582160576,0.0,46247.616319444496,0.0,0.13994107828643967,0.37408699293939596,0.7255048155784607,0.08810215066794794,0.14700337360480797,0.13395762736070152,,,,,,,,,outputs/probe/p3_s0/coframe_anchor_only_seed0/trace.json
p3_s0,"Two dancers cross paths, exchange positions, and continue in opposite directions.",0,anchor_only,coframe,20,8,"[0,1,3,5,8,11,14,17,20]","[0,1,3,5,8,11,14,17,20]",0.10929122465223975,0.3339424995034435,0.14486879033500713,0.10929612058065158,0.672724421675137,0.24558475017631287,0.5661864226613262,True,True,True,1.0000217939342504,-4.895928411824402e-06,0.8516351118760758,,0.0,0.0,True,True,True,0.4643110256150653,,23444.322048611124,23444.322048611124,0.13357047925047139,0.36547295283026265,0.49602019786834717,0.16548590619934214,0.12458551181624919,0.1102285964242087,,,,,,,,,outputs/probe/p3_s0/coframe_anchor_only_seed0/trace.json
p3_s0,"Two dancers cross paths, exchange positions, and continue in opposite directions.",0,anchor_only,coframe,20,14,"[0,1,3,5,8,11,14,17,20]","[0,1,3,5,8,11,14,17,20]",0.09515115002911587,0.3096326596303111,0.1264070297138795,0.09515571171979491,0.6926966614480446,0.24726377761989077,0.5917516263794511,True,True,True,1.0000212689089596,-4.561690679041885e-06,0.8853295535081502,,0.0,0.0,True,True,True,0.301468057102359,,21320.646918402752,21320.646918402752,0.13220148019837227,0.3635952147627527,0.47641465067863464,0.17339893766503817,0.09446322346833301,0.09141153446871579,,,,,,,,,outputs/probe/p3_s0/coframe_anchor_only_seed0/trace.json
p3_s0,"Two dancers cross paths, exchange positions, and continue in opposite directions.",0,anchor_only,coframe,20,20,"[0,1,3,5,8,11,14,17,20]","[0,1,3,5,8,11,14,17,20]",0.07581899092257277,0.17383194084733733,0.09025873482361807,0.07581803693273642,0.5638374020735435,0.15998167855181192,0.48077013704354205,True,True,True,0.9999902667907485,9.539898363497556e-07,0.6944011339475549,,0.0,0.0,True,True,True,0.5615065303229726,,17210.527777777752,17210.527777777752,0.09654341485507553,0.31071436216415155,0.41451483964920044,0.12286716338814065,0.154613681378141,0.14719849119918282,,,,,,,,,outputs/probe/p3_s0/coframe_anchor_only_seed0/trace.json
p3_s0,"Two dancers cross paths, exchange positions, and continue in opposite directions.",0,anchor_only,coframe,40,8,"[0,1,3,5,8,11,14,17,20]","[0,1,3,5,8,11,14,17,20]",0.07723263448296155,0.25648394348639325,0.10679589814811906,0.07723379775704545,0.6988792614729162,0.27682021667307066,0.5836156575868278,True,True,True,1.000006489668832,-1.16327408389294e-06,0.8272349903816949,,0.0,0.0,True,True,True,0.5130302723499038,,18076.11176215281,18076.11176215281,0.0933004174082801,0.30545117025194074,0.42180243134498596,0.1266337189941926,0.10710128709457516,0.08785313783514873,,,,,,,,,outputs/probe/p3_s0/coframe_anchor_only_seed0/trace.json
p3_s0,"Two dancers cross paths, exchange positions, and continue in opposite directions.",0,anchor_only,coframe,40,14,"[0,1,3,5,8,11,14,17,20]","[0,1,3,5,8,11,14,17,20]",0.056677538469589346,0.19264025098560594,0.07793598911105573,0.056679032501238104,0.7057855864513783,0.2727680867843215,0.5954324773129624,True,True,True,1.0000109886603357,-1.494031648757721e-06,0.9047686544497316,,0.0,0.0,True,True,True,0.3524551989470487,,14934.388454861124,14934.388454861124,0.07606658908587478,0.2758017205999172,0.37119174003601074,0.12483034363470269,0.0786394881614797,0.06667213485147809,,,,,,,,,outputs/probe/p3_s0/coframe_anchor_only_seed0/trace.json
p3_s0,"Two dancers cross paths, exchange positions, and continue in opposite directions.",0,anchor_only,coframe,40,20,"[0,1,3,5,8,11,14,17,20]","[0,1,3,5,8,11,14,17,20]",0.06169992576860618,0.17094841423849685,0.07889163217515398,0.061699256974104125,0.6390728393506699,0.2179154611528259,0.5385062065267879,True,True,True,0.999993878263972,6.687945020567021e-07,0.8071681684722082,,0.0,0.0,True,True,True,0.5118760757314974,,16712.891276041628,16712.891276041628,0.08410958353466562,0.290016522864932,0.3837064802646637,0.12695885416884514,0.14043580109024126,0.1248160620896094,,,,,,,,,outputs/probe/p3_s0/coframe_anchor_only_seed0/trace.json
p3_s0,"Two dancers cross paths, exchange positions, and continue in opposite directions.",0,full_kv,coframe,5,8,"[0,1,2,4,5,6,7,14,20]","[0,1,2,4,5,6,8,13,20]",0.19761350576896888,0.301869614284,0.2583035566709697,0.19312579355321186,0.3453680118229674,0.23495631141970133,0.14432077808282878,True,True,False,0.9587313358533995,0.004487712215757028,0.536640680368533,-1.5122325652126982,12536.160636780784,0.04103840704314959,False,False,True,0.6500151867976106,-1.192815731796769,10942.255363343284,-1593.9052734375,0.19762933481302886,0.4445552100842244,0.6885218620300293,0.0023131981299502865,0.11612717690345177,0.0977862567613895,,,,,,,,,outputs/probe/p3_s0/coframe_full_kv_seed0/trace.json
p3_s0,"Two dancers cross paths, exchange positions, and continue in opposite directions.",0,full_kv,coframe,5,14,"[0,1,2,4,7,10,14,17,20]","[0,1,2,4,6,7,11,15,20]",0.22374292519839625,0.35637043853252626,0.2596610710470737,0.19565118395372044,0.3721619387967977,0.13832703417512238,0.27137314723321476,True,True,False,0.8252123473426046,0.02809174124467581,0.3242482535182748,-1.7323887856835203,104465.935655382,0.2846746522841641,False,False,True,0.7587526576895819,0.0,38232.45659722225,-66233.47905815975,0.2237695042898463,0.4730428144363323,1.0149691104888916,0.0026042554976471364,0.09244021726960236,0.07377474008282553,,,,,,,,,outputs/probe/p3_s0/coframe_full_kv_seed0/trace.json
p3_s0,"Two dancers cross paths, exchange positions, and continue in opposite directions.",0,full_kv,coframe,5,20,"[0,1,4,7,9,12,14,17,20]","[0,1,2,4,5,6,7,14,20]",0.15292188163752243,0.13823833876098984,0.1370955451534292,0.10562262311748015,-0.10621903451776875,-0.11544019513093104,0.008266835508899607,False,False,False,-0.45019839628919855,0.047299258520042284,0.6119064493267187,0.39822033707302795,50225.37326388876,0.10695340432940509,False,False,True,0.8626101042826769,1.0,0.0,-50225.37326388876,0.15293239380411883,0.3910657154547287,0.7576818466186523,0.0013715171732793733,0.14688361847346906,0.13790262412645074,,,,,,,,,outputs/probe/p3_s0/coframe_full_kv_seed0/trace.json
p3_s0,"Two dancers cross paths, exchange positions, and continue in opposite directions.",0,full_kv,coframe,20,8,"[0,1,3,5,8,11,14,17,20]","[0,1,3,5,8,11,14,17,20]",0.13923239791685688,0.4411621888418953,0.17878319342008217,0.139237404989985,0.6843963480135073,0.22122211124338645,0.5947449760157144,True,True,True,1.0000165838427182,-5.007073128115991e-06,0.9069758023691404,,6739.783203125,0.032764534403343155,False,False,False,0.23823023185177686,,13326.876193576376,6587.092990451376,0.1392426886629019,0.3731523665513886,0.5387467741966248,0.0021391146720872935,0.10759908694085532,0.09057550877310999,,,,,,,,,outputs/probe/p3_s0/coframe_full_kv_seed0/trace.json
p3_s0,"Two dancers cross paths, exchange positions, and continue in opposite directions.",0,full_kv,coframe,20,14,"[0,1,3,5,8,11,14,17,20]","[0,1,3,5,8,11,14,17,20]",0.1408652383644255,0.4405136338355196,0.1902053712600156,0.14086084686501865,0.6802250201930817,0.2594045192769077,0.568219104585001,True,True,True,0.9999853447069482,4.391499406841692e-06,0.8848638250480916,,0.0,0.0,True,True,True,0.11197732104890148,,25562.715386284748,25562.715386284748,0.14089399448489676,0.37535848796170407,0.5480676889419556,0.002402017974600135,0.08747418871560973,0.08045126386024135,,,,,,,,,outputs/probe/p3_s0/coframe_full_kv_seed0/trace.json
p3_s0,"Two dancers cross paths, exchange positions, and continue in opposite directions.",0,full_kv,coframe,20,20,"[0,1,3,6,8,11,14,17,20]","[0,1,3,5,8,11,14,17,20]",0.08440338139519417,0.17299227746010742,0.0970099169156397,0.08211392337027242,0.5120974032227661,0.12995099801403026,0.4392240027130084,True,True,False,0.9748074439964155,0.0022894580249217533,0.4741723195302217,1.0,0.0,0.0,True,False,True,0.4872329654753468,0.253337250988047,4887.157552083372,4887.157552083372,0.08442055572182929,0.29055215662911416,0.45386597514152527,0.0014186292909994162,0.12201717719261522,0.11280784767960744,,,,,,,,,outputs/probe/p3_s0/coframe_full_kv_seed0/trace.json
p3_s0,"Two dancers cross paths, exchange positions, and continue in opposite directions.",0,full_kv,coframe,40,8,"[0,1,3,5,8,11,14,17,20]","[0,1,3,5,8,11,14,17,20]",0.09603986367677601,0.36253797514624525,0.13378629056177366,0.09604000644577101,0.7350901967220559,0.28213972243717184,0.6309730297693498,True,True,True,1.0000005357226385,-1.4276899500120788e-07,0.8712767034524653,,0.0,0.0,True,True,True,0.31489318619013873,,18847.619791666657,18847.619791666657,0.09605407005948495,0.3099259105971699,0.4366401433944702,0.0019498200514258403,0.09781002019010009,0.07909246415028923,,,,,,,,,outputs/probe/p3_s0/coframe_full_kv_seed0/trace.json
p3_s0,"Two dancers cross paths, exchange positions, and continue in opposite directions.",0,full_kv,coframe,40,14,"[0,1,3,5,8,11,14,17,20]","[0,1,3,5,8,11,14,17,20]",0.08759609925904194,0.30609606185894783,0.12907628714483643,0.08760456716725903,0.7138280749936368,0.3213617993152344,0.5783144469061609,True,True,True,1.0000387562373036,-8.467908217096864e-06,0.8573250987141845,,0.0,0.0,True,True,True,0.24294826364280653,,23249.032335069438,23249.032335069438,0.08760990215553786,0.29598969940783054,0.41661202907562256,0.0021372489133943185,0.07825776306329393,0.0738130702143316,,,,,,,,,outputs/probe/p3_s0/coframe_full_kv_seed0/trace.json
p3_s0,"Two dancers cross paths, exchange positions, and continue in opposite directions.",0,full_kv,coframe,40,20,"[0,1,3,5,8,11,14,17,20]","[0,1,3,5,8,11,14,17,20]",0.07267432759263946,0.19027540957322034,0.09212305186927337,0.07267399670206476,0.6180571743051565,0.21111680390519952,0.5158436285807952,True,True,True,0.9999971863384408,3.308905747040347e-07,0.4699402652627316,,0.0,0.0,True,True,True,0.621666497924471,,14355.700954861124,14355.700954861124,0.07269212371598116,0.26961476909839555,0.3754780888557434,0.0017103647297902853,0.11203984690763263,0.09710385600503435,,,,,,,,,outputs/probe/p3_s0/coframe_full_kv_seed0/trace.json
p4_s0,A brown dog jumps to catch a small yellow ball thrown through the air.,0,anchor_only,coframe,5,8,"[0,2,3,4,5,6,8,14,20]","[0,1,3,4,5,6,9,14,20]",0.20760928223299355,0.27557271486213436,0.2968880822768071,0.20407392693234405,0.24662613155711763,0.30071533811375223,-0.07734933926726574,True,True,False,0.9505536331032477,0.0035353553006494953,0.37869798521818365,-16.163991950692672,48226.97894965275,0.1654915353435536,False,False,True,0.3176065606965678,-16.38841425873104,48857.555447048624,630.5764973958721,0.24016161579281547,0.4900628692247715,0.7814040184020996,0.16462144290109543,0.11826270837375676,0.09630211557185946,,,,,,,,,outputs/probe/p4_s0/coframe_anchor_only_seed0/trace.json
p4_s0,A brown dog jumps to catch a small yellow ball thrown through the air.,0,anchor_only,coframe,5,14,"[0,2,3,5,8,11,14,17,20]","[0,2,3,4,6,8,12,16,20]",0.2125044111279962,0.24355692914570248,0.25045462500693483,0.17100166127328187,0.12749593340097423,0.15152530674124234,-0.02832067182578884,True,True,False,0.4279843342637541,0.04150274985471433,0.39864331274678544,0.0,42723.869357638876,0.11498962107605992,False,True,False,0.802389389490736,0.5650863641625486,18581.193359375,-24142.675998263876,0.22671989666092623,0.47615112796351355,0.962973952293396,0.12498185606910268,0.09290980570204099,0.07582266834429433,,,,,,,,,outputs/probe/p4_s0/coframe_anchor_only_seed0/trace.json
p4_s0,A brown dog jumps to catch a small yellow ball thrown through the air.,0,anchor_only,coframe,5,20,"[0,2,3,5,8,11,14,17,20]","[0,1,3,4,5,6,8,14,20]",0.13427333762458943,0.12256984759653367,0.13668548155993837,0.10437964684127304,-0.0954842504706414,0.017647404156023592,-0.11516400028389936,False,True,False,-0.6433953195745299,0.029893690783316385,0.4501569302419763,0.0,46552.378255208314,0.12079292062962918,False,True,False,0.7646856332894604,0.7080613566822189,13590.438151041686,-32961.94010416663,0.14332112299674846,0.37857776347369965,0.7208525538444519,0.0809657127477332,0.13333651705753932,0.10873383644382148,,,,,,,,,outputs/probe/p4_s0/coframe_anchor_only_seed0/trace.json
p4_s0,A brown dog jumps to catch a small yellow ball thrown through the air.,0,anchor_only,coframe,20,8,"[0,2,4,6,8,11,14,17,20]","[0,2,4,6,8,11,14,17,20]",0.08251994034652636,0.22404787764129588,0.10406181949022933,0.08251651598013962,0.6316861323781784,0.20701040255908265,0.5355375797987522,True,True,True,0.9999758048933711,3.4243663867422613e-06,0.47042624278627115,,0.0,0.0,True,True,True,0.502662751847727,,19047.321397569438,19047.321397569438,0.09956831505977386,0.31554447398072727,0.4419914782047272,0.13757669216281082,0.1174749835750042,0.09843398804478753,,,,,,,,,outputs/probe/p4_s0/coframe_anchor_only_seed0/trace.json
p4_s0,A brown dog jumps to catch a small yellow ball thrown through the air.,0,anchor_only,coframe,20,14,"[0,2,4,6,8,11,14,17,20]","[0,2,4,6,8,11,14,17,20]",0.06854490886527004,0.1935847378827951,0.08656731914128739,0.06854684446794317,0.6459178052209353,0.2081895391331548,0.5528195038097521,True,True,True,1.0000154801286254,-1.9356026731282006e-06,0.8815024805102764,,0.0,0.0,True,True,True,0.12882454186493875,,19065.638671875,19065.638671875,0.08228553621431403,0.28685455585420644,0.4144861698150635,0.11316223952472831,0.09141598122187754,0.08224527766355898,,,,,,,,,outputs/probe/p4_s0/coframe_anchor_only_seed0/trace.json
p4_s0,A brown dog jumps to catch a small yellow ball thrown through the air.,0,anchor_only,coframe,20,20,"[0,2,4,6,8,11,14,17,20]","[0,2,4,6,8,11,14,17,20]",0.0668971550110995,0.1369957468820096,0.07732882642162964,0.06689809625665946,0.5116844388700911,0.13490016457319853,0.4355384880069987,True,True,True,1.0000134276334738,-9.412455599655534e-07,0.3855826668016604,,0.0,0.0,True,True,True,0.42638452971550067,,15536.207465277723,15536.207465277723,0.08883146697253694,0.29804608196139226,0.4106924533843994,0.13260538946454306,0.13843728611127024,0.12238495906237956,,,,,,,,,outputs/probe/p4_s0/coframe_anchor_only_seed0/trace.json
p4_s0,A brown dog jumps to catch a small yellow ball thrown through the air.,0,anchor_only,coframe,40,8,"[0,2,4,6,8,11,14,17,20]","[0,2,4,6,8,11,14,17,20]",0.07088600691243492,0.21114044875088353,0.09190485340814819,0.07088680772160079,0.664270833315929,0.22870224712038723,0.5647217103503309,True,True,True,1.0000057097210453,-8.008091658684435e-07,0.6709932165637339,,0.0,0.0,True,True,True,0.2807532651614863,,15647.942925347204,15647.942925347204,0.08119145946130533,0.28494115087383454,0.40773719549179077,0.10939289447557213,0.09704686832470848,0.07413276865078182,,,,,,,,,outputs/probe/p4_s0/coframe_anchor_only_seed0/trace.json
p4_s0,A brown dog jumps to catch a small yellow ball thrown through the air.,0,anchor_only,coframe,40,14,"[0,2,4,6,8,11,14,17,20]","[0,2,4,6,8,11,14,17,20]",0.05170705883563537,0.1504573932626553,0.0669070719187144,0.051708393641271354,0.6563342105404569,0.22718096379326794,0.5553088454622239,True,True,True,1.0000135171560331,-1.3348056359871463e-06,0.8563531436671054,,0.0,0.0,True,True,True,0.13779487698693935,,13203.894965277752,13203.894965277752,0.0619462991056466,0.24889013460892057,0.36536574363708496,0.09632290696724857,0.07490148300854906,0.0649181094727874,,,,,,,,,outputs/probe/p4_s0/coframe_anchor_only_seed0/trace.json
p4_s0,A brown dog jumps to catch a small yellow ball thrown through the air.,0,anchor_only,coframe,40,20,"[0,2,4,6,8,11,14,17,20]","[0,2,4,6,8,11,14,17,20]",0.05663373694755709,0.1650473257037627,0.0738758165328845,0.056633882205985774,0.656863649828493,0.23339274466973103,0.5523961614168688,True,True,True,1.0000013398562393,-1.4525842868123862e-07,0.6007897134757517,,0.0,0.0,True,True,True,0.2949681077250177,,18678.524956597248,18678.524956597248,0.07955352004214311,0.28205233564383597,0.38468319177627563,0.13321169826045254,0.1301995841108991,0.11268428895935444,,,,,,,,,outputs/probe/p4_s0/coframe_anchor_only_seed0/trace.json
p4_s0,A brown dog jumps to catch a small yellow ball thrown through the air.,0,full_kv,coframe,5,8,"[0,2,3,4,5,6,8,14,20]","[0,1,3,4,5,6,8,13,20]",0.19899672395713494,0.2821668754878133,0.2854998164758596,0.19785141662886405,0.2947551918944874,0.3029882596300685,-0.011811949869325702,True,True,False,0.986416401644841,0.0011453073282708948,0.40046572846005873,-37.95875270298791,49251.46397259424,0.159511990574941,False,False,True,0.32509871418446895,-38.8610838025259,50392.18652033736,1140.7225477431202,0.19901666347634359,0.4461128371570847,0.7459926605224609,0.002399693964301754,0.11158337163843146,0.08980472002674411,,,,,,,,,outputs/probe/p4_s0/coframe_full_kv_seed0/trace.json
p4_s0,A brown dog jumps to catch a small yellow ball thrown through the air.,0,full_kv,coframe,5,14,"[0,2,3,5,8,11,14,17,20]","[0,1,2,3,4,6,9,14,20]",0.23098900776543896,0.2766885184528198,0.27275615176888884,0.18819654741640768,0.16516590909851353,0.1531299797734349,0.014212251039254704,True,True,False,0.5164255033778904,0.04279246034903128,0.40864635010630757,0.0,44063.35340711806,0.11080543728525573,False,True,False,0.7965981573352232,0.43060869351513426,25089.290364583314,-18974.063042534748,0.23107949817955434,0.48070728950116237,0.9836124777793884,0.0025682569526939525,0.0899293953520939,0.07185910384426455,,,,,,,,,outputs/probe/p4_s0/coframe_full_kv_seed0/trace.json
p4_s0,A brown dog jumps to catch a small yellow ball thrown through the air.,0,full_kv,coframe,5,20,"[0,2,3,5,8,11,14,17,20]","[0,1,3,4,5,6,8,14,20]",0.1378382905017155,0.1267122845569504,0.13996847110380856,0.10676977583992256,-0.08780526674005745,0.01521900314616703,-0.10461642762742705,False,True,False,-0.5579040281559555,0.031068514661792945,0.4387162093753164,0.0,47647.22352430556,0.12395619660399232,False,True,False,0.7486686240761364,0.741671302714777,12308.645182291686,-35338.578342013876,0.13785602968007712,0.3712896843168109,0.7238867282867432,0.0013809473750080509,0.1231834866101542,0.10633176118042192,,,,,,,,,outputs/probe/p4_s0/coframe_full_kv_seed0/trace.json
p4_s0,A brown dog jumps to catch a small yellow ball thrown through the air.,0,full_kv,coframe,20,8,"[0,1,3,5,8,11,14,17,20]","[0,1,3,5,8,11,14,17,20]",0.13263920372439647,0.4176035675989256,0.1816879629029018,0.13263920173621274,0.6823800991762942,0.2699615230135972,0.564927177352569,True,True,True,0.9999999930230444,1.988183728762749e-09,0.8856737875873241,,0.0,0.0,True,True,True,0.278060139718538,,78383.78851996531,78383.78851996531,0.13266188936505907,0.36422779872637273,0.5142731070518494,0.002194597871906648,0.09550162092309467,0.07788990233724194,,,,,,,,,outputs/probe/p4_s0/coframe_full_kv_seed0/trace.json
p4_s0,A brown dog jumps to catch a small yellow ball thrown through the air.,0,full_kv,coframe,20,14,"[0,1,3,5,8,11,14,17,20]","[0,1,3,5,8,11,14,17,20]",0.13018439891736047,0.3830895635193113,0.17727105562281936,0.1301907222845891,0.6601724209832253,0.2656195425701387,0.5372595014223528,True,True,True,1.0000250035437004,-6.32336722863891e-06,0.8630555836792548,,0.0,0.0,True,True,True,0.21773817960919306,,75673.41753472219,75673.41753472219,0.13019906333701944,0.3608310731312084,0.5368543863296509,0.0023525465031616318,0.08279917082489871,0.073423150447329,,,,,,,,,outputs/probe/p4_s0/coframe_full_kv_seed0/trace.json
p4_s0,A brown dog jumps to catch a small yellow ball thrown through the air.,0,full_kv,coframe,20,20,"[0,1,3,5,8,11,14,17,20]","[0,1,3,5,8,11,14,17,20]",0.08139053504961663,0.1389727978854746,0.09369576033772176,0.08138910603375181,0.4143419698818372,0.1313317192128176,0.32579784128016887,True,True,True,0.9999751836706041,1.429015864820582e-06,0.27567075022780196,,0.0,0.0,True,True,True,0.3359927103371469,,65730.16818576402,65730.16818576402,0.08140818388434751,0.2853211942431678,0.400362104177475,0.0014115833388475588,0.11243202066193482,0.09687233114681379,,,,,,,,,outputs/probe/p4_s0/coframe_full_kv_seed0/trace.json
p4_s0,A brown dog jumps to catch a small yellow ball thrown through the air.,0,full_kv,coframe,40,8,"[0,1,3,5,8,11,14,17,20]","[0,1,3,5,8,11,14,17,20]",0.08754144670520562,0.2824494110508918,0.11863369247979363,0.08754100048745227,0.6900632705180879,0.2620861335820245,0.5799825107143941,True,True,True,0.9999977106285354,4.4621775335818015e-07,0.8603219601093449,,0.0,0.0,True,True,True,0.5630657082109952,,50393.13433159726,50393.13433159726,0.08755806737635183,0.2959021246567044,0.42487841844558716,0.0017803277684095389,0.09559751436931821,0.07373644023696771,,,,,,,,,outputs/probe/p4_s0/coframe_full_kv_seed0/trace.json
p4_s0,A brown dog jumps to catch a small yellow ball thrown through the air.,0,full_kv,coframe,40,14,"[0,1,3,5,8,11,14,17,20]","[0,1,3,5,8,11,14,17,20]",0.09467373830357237,0.2621127453842608,0.12550725621872233,0.09467657604868931,0.6388052852417406,0.24567119738014337,0.5211707235574257,True,True,True,1.0000169482204961,-2.8377451169459e-06,0.8850663156828996,,0.0,0.0,True,True,True,0.5036347068948062,,42388.70811631942,42388.70811631942,0.09469275559511837,0.3077218802670983,0.487277090549469,0.002231753971536831,0.07699274365780867,0.06579643705265563,,,,,,,,,outputs/probe/p4_s0/coframe_full_kv_seed0/trace.json
p4_s0,A brown dog jumps to catch a small yellow ball thrown through the air.,0,full_kv,coframe,40,20,"[0,1,3,5,8,11,14,17,20]","[0,1,3,5,8,11,14,17,20]",0.07685509947009676,0.14455260117147936,0.09227656378475368,0.07685337142331515,0.4683243411239251,0.16712222131102936,0.3616402400446038,True,True,True,0.9999744746463433,1.7280467816127576e-06,0.34143970841348587,,0.0,0.0,True,True,True,0.6425837805001519,,47238.177517361124,47238.177517361124,0.07687562621617693,0.27726454193815864,0.3973621726036072,0.001545727022075552,0.11501552425322221,0.09634122581391995,,,,,,,,,outputs/probe/p4_s0/coframe_full_kv_seed0/trace.json
p5_s0,A hummingbird rapidly moves between two red flowers while the camera remains fixed.,0,anchor_only,coframe,5,8,"[0,1,3,5,6,7,11,14,20]","[0,1,3,5,6,7,11,15,20]",0.1786341964014622,0.21038585046289704,0.22805669009312834,0.17458593909946404,0.15092105287296623,0.21671143991208577,-0.083992528924124,True,True,False,0.8869199071220845,0.004048257301998148,0.41682697175255645,-2.826718377302528,22562.530653211812,0.08666658369688517,False,False,True,0.685471296952516,0.0,5896.052029079874,-16666.478624131938,0.20842807984781092,0.4565392423963256,0.7021474838256836,0.1689907859377348,0.10979653149379781,0.09133124329450222,,,,,,,,,outputs/probe/p5_s0/coframe_anchor_only_seed0/trace.json
p5_s0,A hummingbird rapidly moves between two red flowers while the camera remains fixed.,0,anchor_only,coframe,5,14,"[0,1,3,5,8,11,14,17,20]","[0,1,3,5,6,7,11,15,20]",0.1434804025170146,0.18028692958715128,0.1730128581786485,0.13557500262744887,0.2041552715686152,0.17069514932317612,0.0403471922515962,True,True,False,0.8231925925113752,0.007905399889565734,0.4813607370659107,0.0,8765.498480902752,0.033090059420067416,False,True,False,0.7898552191961122,0.3544715205213076,5658.378906249942,-3107.11957465281,0.16110894113343396,0.4013837828480792,0.7473934888839722,0.1414650065445701,0.07927557770632525,0.06815873678970244,,,,,,,,,outputs/probe/p5_s0/coframe_anchor_only_seed0/trace.json
p5_s0,A hummingbird rapidly moves between two red flowers while the camera remains fixed.,0,anchor_only,coframe,5,20,"[0,1,3,5,8,11,14,17,20]","[0,1,4,6,7,10,13,16,20]",0.11313168788173865,0.12288687462234092,0.11947708795128709,0.0999740406248542,0.07938347175466999,0.05310976504663027,0.027747362617308632,True,True,False,0.4257520803263492,0.013157647256884453,0.38691910499139415,0.0,19202.04188368062,0.06479033211273534,False,True,False,0.7540751240255138,0.11164913028669782,17058.150607638934,-2143.891276041686,0.13826210789779358,0.3718361304362361,0.6233351230621338,0.1353729285208704,0.13382867505408658,0.11627897064329794,,,,,,,,,outputs/probe/p5_s0/coframe_anchor_only_seed0/trace.json
p5_s0,A hummingbird rapidly moves between two red flowers while the camera remains fixed.,0,anchor_only,coframe,20,8,"[0,1,3,5,8,11,14,17,20]","[0,1,3,5,8,11,14,17,20]",0.09659829594261868,0.20837839077051806,0.12980700352978816,0.09660062440917291,0.5364284387386408,0.2558314011119495,0.3770611096006525,True,True,True,1.0000208312138454,-2.3284665542355754e-06,0.8015996760149843,,0.0,0.0,True,True,True,0.7061860888933886,,12733.713650173624,12733.713650173624,0.11642095287287489,0.3412051477819098,0.449638307094574,0.1518176846380619,0.10240217300292255,0.0852870600222759,,,,,,,,,outputs/probe/p5_s0/coframe_anchor_only_seed0/trace.json
p5_s0,A hummingbird rapidly moves between two red flowers while the camera remains fixed.,0,anchor_only,coframe,20,14,"[0,1,3,5,8,11,14,17,20]","[0,1,3,5,8,11,14,17,20]",0.08583257185648636,0.18458149157215697,0.11310204829915395,0.08583456772276227,0.5349881988415263,0.24110506266464823,0.38725141217671943,True,True,True,1.0000202119336796,-1.995866275902869e-06,0.8754885086564747,,0.0,0.0,True,True,True,0.6945631264554014,,11232.430121527781,11232.430121527781,0.10983744941422569,0.33141733420903874,0.4382404685020447,0.14702360848440413,0.07840028208346134,0.07053153896993622,,,,,,,,,outputs/probe/p5_s0/coframe_anchor_only_seed0/trace.json
p5_s0,A hummingbird rapidly moves between two red flowers while the camera remains fixed.,0,anchor_only,coframe,20,20,"[0,1,3,5,8,11,14,17,20]","[0,1,3,5,8,11,14,17,20]",0.06486779427094576,0.10775697152242089,0.07579225782217625,0.06486858644536551,0.39801765626413527,0.1441369325196969,0.29663708295285357,True,True,True,1.000018470604998,-7.921744197558755e-07,0.46086868482332694,,0.0,0.0,True,True,True,0.5106813809861294,,5709.741753472277,5709.741753472277,0.08696639600682592,0.29490065446998576,0.3870958089828491,0.12921529885282806,0.12580778375344673,0.10978462246914483,,,,,,,,,outputs/probe/p5_s0/coframe_anchor_only_seed0/trace.json
p5_s0,A hummingbird rapidly moves between two red flowers while the camera remains fixed.,0,anchor_only,coframe,40,8,"[0,1,3,5,8,11,14,17,20]","[0,1,3,5,8,11,14,17,20]",0.06383348538024286,0.1393002585245978,0.09050075633590891,0.06383502602033106,0.5417561599932632,0.2946635148184392,0.35031881997600034,True,True,True,1.0000204152301275,-1.5406400881989857e-06,0.7113698491444771,,0.0,0.0,True,True,True,0.7636529310519389,,9416.611545138905,9416.611545138905,0.07524692701016916,0.2743117332710527,0.3664501905441284,0.11388939202380008,0.09176723727882523,0.07293040715124463,,,,,,,,,outputs/probe/p5_s0/coframe_anchor_only_seed0/trace.json
p5_s0,A hummingbird rapidly moves between two red flowers while the camera remains fixed.,0,anchor_only,coframe,40,14,"[0,1,3,5,8,11,14,17,20]","[0,1,3,5,8,11,14,17,20]",0.04973022920750016,0.10858651682725846,0.06789862931510442,0.04973403139942833,0.542022060744319,0.2675812500321358,0.3747047856492268,True,True,True,1.0000646054605942,-3.8021919281719385e-06,0.840822111977321,,0.0,0.0,True,True,True,0.7320846410853498,,7062.510850694409,7062.510850694409,0.06427860136287737,0.253532249157533,0.33924514055252075,0.11449415287058735,0.07008452446553408,0.05851055591466925,,,,,,,,,outputs/probe/p5_s0/coframe_anchor_only_seed0/trace.json
p5_s0,A hummingbird rapidly moves between two red flowers while the camera remains fixed.,0,anchor_only,coframe,40,20,"[0,1,3,5,8,11,14,17,20]","[0,1,3,5,8,11,14,17,20]",0.050989252042270276,0.09959443800398422,0.06552986111353042,0.05099022329685249,0.48803112840266766,0.22189287180188813,0.3420329244600092,True,True,True,1.0000199829292185,-9.712545822118668e-07,0.5644021464007289,,0.0,0.0,True,True,True,0.6128379062468361,,6846.025607638861,6846.025607638861,0.0718399616393575,0.26802977752361307,0.3476181626319885,0.1261832676488107,0.11775256194206199,0.10439985654061903,,,,,,,,,outputs/probe/p5_s0/coframe_anchor_only_seed0/trace.json
p5_s0,A hummingbird rapidly moves between two red flowers while the camera remains fixed.,0,full_kv,coframe,5,8,"[0,1,3,5,6,7,11,14,20]","[0,1,3,5,6,7,11,15,20]",0.18367802970195043,0.21390527648788146,0.23214697092443806,0.17920108292031564,0.14131136586358828,0.20878558539651965,-0.08527931024455145,True,True,False,0.8709969510480456,0.004476946781634794,0.4045965374101448,-2.6281180897938348,23358.5581922743,0.08850763932116298,False,False,True,0.6251290877796902,0.0,6438.20228949649,-16920.35590277781,0.1836986483232276,0.42860080298948067,0.677878201007843,0.0024767103325083455,0.10079513997582909,0.08493203618737105,,,,,,,,,outputs/probe/p5_s0/coframe_full_kv_seed0/trace.json
p5_s0,A hummingbird rapidly moves between two red flowers while the camera remains fixed.,0,full_kv,coframe,5,14,"[0,1,3,5,8,11,14,17,20]","[0,1,3,5,6,7,10,15,20]",0.16230693475313648,0.23127844235831477,0.20097873362505173,0.1590556877943692,0.29821848894296077,0.1924173676209036,0.1310096540961667,True,True,False,0.9549830662317284,0.003251246958767273,0.699726637643009,0.0,5701.31879340281,0.018940087817151622,False,True,False,0.865546218487395,1.0,0.0,-5701.31879340281,0.1623264505076085,0.4028975682572538,0.7672426700592041,0.0024539249891364985,0.08067742309511955,0.06668572415111697,,,,,,,,,outputs/probe/p5_s0/coframe_full_kv_seed0/trace.json
p5_s0,A hummingbird rapidly moves between two red flowers while the camera remains fixed.,0,full_kv,coframe,5,20,"[0,1,3,5,8,11,14,17,20]","[0,1,4,6,7,10,13,16,20]",0.11017401911519933,0.12799606584626086,0.12351175352895698,0.09976730389211455,0.13923901967790175,0.1079875722971632,0.03503476679267702,True,True,False,0.6313435481163133,0.010406715223084784,0.37483041409334816,0.0,15356.45464409719,0.05246505062007389,False,True,False,0.732935101751544,0.059328874034384416,14445.37348090281,-911.0811631943798,0.1101934273434977,0.33195395364944474,0.5929813385009766,0.0016053816899842144,0.11115431158206401,0.0962221881863349,,,,,,,,,outputs/probe/p5_s0/coframe_full_kv_seed0/trace.json
p5_s0,A hummingbird rapidly moves between two red flowers while the camera remains fixed.,0,full_kv,coframe,20,8,"[0,1,3,6,8,11,14,17,20]","[0,1,3,6,8,11,14,17,20]",0.11171534492519258,0.27850006546823164,0.15656484684097463,0.11170890962505466,0.5988677965394019,0.28645959051929704,0.4378283302097324,True,True,True,0.9999614170181542,6.43530013792748e-06,0.781168370962843,,8607.15039062497,0.049093092823632896,False,False,False,0.454874962033006,,103279.69422743059,94672.54383680562,0.11173445973735611,0.3342670485365797,0.47035664319992065,0.002171796309986746,0.09438703118719569,0.07808908968064499,,,,,,,,,outputs/probe/p5_s0/coframe_full_kv_seed0/trace.json
p5_s0,A hummingbird rapidly moves between two red flowers while the camera remains fixed.,0,full_kv,coframe,20,14,"[0,1,3,5,8,11,14,17,20]","[0,1,3,5,8,11,14,17,20]",0.11689649881565985,0.2797910934094733,0.15585281594916217,0.1168911291594174,0.5822007863396058,0.24995581181035276,0.44296720081410124,True,True,True,0.9999670370937946,5.369656242440457e-06,0.8968310215652526,,0.0,0.0,True,True,True,0.4900678343626607,,15395.284288194438,15395.284288194438,0.11691545685644866,0.34192902312680135,0.5019945502281189,0.0023012811394584466,0.07694430525718408,0.07026900345699247,,,,,,,,,outputs/probe/p5_s0/coframe_full_kv_seed0/trace.json
p5_s0,A hummingbird rapidly moves between two red flowers while the camera remains fixed.,0,full_kv,coframe,20,20,"[0,1,3,5,8,11,14,17,20]","[0,1,4,6,8,11,14,17,20]",0.07054066662911669,0.12412006083096876,0.0865338247610113,0.06831846767548089,0.4316739279947538,0.18481973004272537,0.3028216052934728,True,True,False,0.9601767829917727,0.002222198953635804,0.4306773311734332,0.0,5071.592881944554,0.026554600877903282,False,True,False,0.3692821706996051,-0.5283894026075985,7751.368815104186,2679.7759331596317,0.07055610982815344,0.26562400085111554,0.39301779866218567,0.0014933046850133078,0.10044066218537333,0.08755999959186295,,,,,,,,,outputs/probe/p5_s0/coframe_full_kv_seed0/trace.json
p5_s0,A hummingbird rapidly moves between two red flowers while the camera remains fixed.,0,full_kv,coframe,40,8,"[0,1,3,5,8,11,14,17,20]","[0,1,3,5,8,11,14,17,20]",0.06691905457263092,0.15136411334497046,0.09845544152341859,0.06691940065190062,0.5578935251309057,0.320311264291943,0.34954567930490194,True,True,True,1.0000040982941225,-3.4607926970020575e-07,0.6958995646451351,,0.0,0.0,True,True,True,0.6950693530424218,,12099.39138454861,12099.39138454861,0.0669304677893543,0.25870923406278773,0.36269915103912354,0.0018185384628314454,0.08467900603434686,0.06756233868515651,,,,,,,,,outputs/probe/p5_s0/coframe_full_kv_seed0/trace.json
p5_s0,A hummingbird rapidly moves between two red flowers while the camera remains fixed.,0,full_kv,coframe,40,14,"[0,1,3,5,8,11,14,17,20]","[0,1,3,5,8,11,14,17,20]",0.07008707678573044,0.1694644939432828,0.10185328939470235,0.07008928480915858,0.586420286899818,0.3118820491488629,0.39896973681819686,True,True,True,1.0000222190569195,-2.208023428137973e-06,0.9003341095474334,,0.0,0.0,True,True,True,0.6538220107320036,,10298.521592881938,10298.521592881938,0.07009775909484575,0.2647598139726755,0.3699074983596802,0.002040515002102486,0.06823195301883962,0.060595450251361156,,,,,,,,,outputs/probe/p5_s0/coframe_full_kv_seed0/trace.json
p5_s0,A hummingbird rapidly moves between two red flowers while the camera remains fixed.,0,full_kv,coframe,40,20,"[0,1,3,5,8,11,14,17,20]","[0,1,3,5,8,11,14,17,20]",0.054395828650897766,0.10650618258120723,0.07347409268197692,0.054396555809228954,0.4892706945963174,0.2596597431104995,0.3101424640212271,True,True,True,1.0000139543953053,-7.271583311874164e-07,0.4949883567884985,,0.0,0.0,True,True,True,0.559056393641794,,9257.172200520814,9257.172200520814,0.0544102347296669,0.23326001528266027,0.3201964497566223,0.0016053999142399058,0.09141631295283806,0.07632849601729329,,,,,,,,,outputs/probe/p5_s0/coframe_full_kv_seed0/trace.json
p6_s0,The camera circles around a stationary bronze statue in a plaza.,0,anchor_only,coframe,5,8,"[0,1,3,6,8,10,14,16,20]","[0,1,3,6,8,10,13,17,20]",0.15715613324767208,0.16831450152285735,0.19784676547338453,0.1546216131485559,0.06629475282419407,0.2056674119910562,-0.17545882073932093,True,True,False,0.8149024493712435,0.002534520099116172,0.8543889845094664,,3148.78803168406,0.013192627487414938,False,False,False,0.75547230940569,,16944.489637586812,13795.701605902752,0.18425294065457104,0.4292469460049437,0.5871783494949341,0.17154237756708918,0.10065096301835537,0.08344426871296921,,,,,,,,,outputs/probe/p6_s0/coframe_anchor_only_seed0/trace.json
p6_s0,The camera circles around a stationary bronze statue in a plaza.,0,anchor_only,coframe,5,14,"[0,1,3,6,8,10,13,16,20]","[0,1,3,6,8,10,13,16,20]",0.13881573946112208,0.15833798530077162,0.17378300802895538,0.13880541261189086,0.12329477227189654,0.20121224142930663,-0.09754464602315803,True,True,True,0.9994713011237328,1.0326849231218072e-05,0.7946137491141034,,65988.84157986115,0.322317863502033,False,False,False,0.7424926597144882,,24599.588270399312,-41389.25330946184,0.1751467859220095,0.41850541922657286,0.580758810043335,0.17929094704747844,0.07095912037140492,0.05987675332972489,,,,,,,,,outputs/probe/p6_s0/coframe_anchor_only_seed0/trace.json
p6_s0,The camera circles around a stationary bronze statue in a plaza.,0,anchor_only,coframe,5,20,"[0,1,3,6,8,10,13,16,20]","[0,1,3,5,8,11,14,17,20]",0.09129086251498589,0.09472001453847434,0.09710501140586707,0.08607155902218083,0.03620303523175204,0.05987485925499711,-0.025179439414295752,True,True,False,0.3965045570307903,0.005219303492805055,0.4659511997570112,0.6366671171701843,884.1557074652228,0.003662576256854154,False,False,True,0.9124228004454794,-4.728906704709318,13941.06011284719,13056.904405381967,0.10439474028289046,0.3231017491176587,0.456795871257782,0.09320507357917583,0.11184534518921592,0.09568950489031129,,,,,,,,,outputs/probe/p6_s0/coframe_anchor_only_seed0/trace.json
p6_s0,The camera circles around a stationary bronze statue in a plaza.,0,anchor_only,coframe,20,8,"[0,1,3,5,8,11,14,17,20]","[0,1,3,5,8,11,14,17,20]",0.10184636994445158,0.12296885460663738,0.12696009047978923,0.10184752789079676,0.17177101250356522,0.19780799179042413,-0.03245729079870945,True,True,True,1.0000548235610747,-1.1579463451844019e-06,0.8330262225372077,,3345.270182291657,0.021463870109605963,False,False,False,0.7341905436873545,,7552.942708333343,4207.672526041686,0.12931739007695617,0.3596072720023278,0.46510329842567444,0.16647020544737717,0.11121510847854117,0.09455864337040171,,,,,,,,,outputs/probe/p6_s0/coframe_anchor_only_seed0/trace.json
p6_s0,The camera circles around a stationary bronze statue in a plaza.,0,anchor_only,coframe,20,14,"[0,1,3,6,8,11,14,17,20]","[0,1,3,5,8,11,14,17,20]",0.0794169656427755,0.09612753507392381,0.09640535127788483,0.07758359030705184,0.1738374901457483,0.1762182846690837,-0.002890079348725308,True,True,False,0.9011334773279243,0.0018333753357236693,0.7859673990077959,-1.2193381700944022,7522.199652777694,0.05152780426281564,False,False,True,0.7782322567581249,-4.209847094143364,17658.196723090252,10135.997070312558,0.10504807149528045,0.32411120236005486,0.430527925491333,0.15798809347689224,0.08089514905536108,0.07597523451497916,,,,,,,,,outputs/probe/p6_s0/coframe_anchor_only_seed0/trace.json
p6_s0,The camera circles around a stationary bronze statue in a plaza.,0,anchor_only,coframe,20,20,"[0,1,3,6,9,12,14,17,20]","[0,1,3,5,8,11,14,17,20]",0.07411700575657865,0.07632346435544275,0.07528069379679722,0.06896399611558546,0.028909308788559455,0.015457987719396962,0.013662516074863802,True,True,False,0.2998122319374111,0.005153009640993189,0.5006580945631265,0.3017456034771775,2353.5334201388177,0.011660258094275395,False,False,True,0.8289156626506025,-2.743630609541612,12618.266059027752,10264.732638888934,0.08833327549949162,0.2972091443739435,0.41367095708847046,0.10001178730035964,0.13333369868764677,0.11302628679238227,,,,,,,,,outputs/probe/p6_s0/coframe_anchor_only_seed0/trace.json
p6_s0,The camera circles around a stationary bronze statue in a plaza.,0,anchor_only,coframe,40,8,"[0,1,3,5,8,11,14,17,20]","[0,1,3,5,8,11,14,17,20]",0.06639103671427017,0.08292777295601655,0.08567406662036507,0.06638693191264453,0.19941131483799981,0.2250742922189157,-0.03311669379816945,True,True,True,0.99975183839716,4.104801625645638e-06,0.8523843272248659,,0.0,0.0,True,True,True,0.4706692315480409,,8479.4306640625,8479.4306640625,0.0820865272103329,0.28650746449321857,0.40442103147506714,0.12452406345614277,0.10478087743156442,0.0842458174153219,,,,,,,,,outputs/probe/p6_s0/coframe_anchor_only_seed0/trace.json
p6_s0,The camera circles around a stationary bronze statue in a plaza.,0,anchor_only,coframe,40,14,"[0,1,3,5,8,11,14,17,20]","[0,1,3,5,8,11,14,17,20]",0.04292339195038035,0.05415860710988739,0.05401978408387623,0.04292305403847552,0.20745022368671476,0.20541348547907132,0.0025632680273606533,True,True,True,0.9999699247644789,3.3791190483245526e-07,0.8618203908069252,,0.0,0.0,True,True,True,0.5671560190341197,,7468.580729166657,7468.580729166657,0.05814372172350648,0.24113009294467266,0.32627251744270325,0.11644944624211648,0.07704301633448862,0.06606292068534896,,,,,,,,,outputs/probe/p6_s0/coframe_anchor_only_seed0/trace.json
p6_s0,The camera circles around a stationary bronze statue in a plaza.,0,anchor_only,coframe,40,20,"[0,1,3,5,8,11,14,17,20]","[0,1,3,5,8,11,14,17,20]",0.06178655096439858,0.0691318621387319,0.06995988325892163,0.06178355088802582,0.10625073514717366,0.11682884410017584,-0.01197741670155046,True,True,True,0.9995917325395722,3.0000763727583424e-06,0.5768958185683912,,0.0,0.0,True,True,True,0.7765110863622557,,4484.361111111124,4484.361111111124,0.08213941749629267,0.2865997513890978,0.3845294117927551,0.11803131138635803,0.13768364484487744,0.1252135635769921,,,,,,,,,outputs/probe/p6_s0/coframe_anchor_only_seed0/trace.json
p6_s0,The camera circles around a stationary bronze statue in a plaza.,0,full_kv,coframe,5,8,"[0,1,3,6,8,10,14,16,20]","[0,1,3,6,8,10,13,17,20]",0.15594099778246492,0.1669477981718102,0.19840145586671887,0.15342241074454294,0.0659295930217535,0.21401283523230705,-0.18840414811903597,True,True,False,0.8137881778643546,0.0025185870379219877,0.8699605143262125,,4271.946017795126,0.016956893238213245,False,False,False,0.6239748911612838,,17778.657063802064,13506.711046006938,0.15598837960548612,0.3949536423499423,0.5670685768127441,0.0024204138863139226,0.09524709024493443,0.07884242745747384,,,,,,,,,outputs/probe/p6_s0/coframe_full_kv_seed0/trace.json
p6_s0,The camera circles around a stationary bronze statue in a plaza.,0,full_kv,coframe,5,14,"[0,1,3,6,8,11,14,17,20]","[0,1,3,6,8,11,14,16,20]",0.16680400314538582,0.19268707824147255,0.22022260425108525,0.16506965010398228,0.13432698929427145,0.24256638544149894,-0.14290281559568616,True,True,False,0.9372007765252702,0.0017343530414035413,0.8785056191151159,0.0,2806.420193142345,0.01079566397271705,False,True,False,0.4251695859066518,-12.226175712362236,37118.20659722222,34311.786404079874,0.16683688125366092,0.4084567067066728,0.6337250471115112,0.002654024121756645,0.0743332978561218,0.06538200284679917,,,,,,,,,outputs/probe/p6_s0/coframe_full_kv_seed0/trace.json
p6_s0,The camera circles around a stationary bronze statue in a plaza.,0,full_kv,coframe,5,20,"[0,1,3,6,8,11,14,17,20]","[0,1,3,6,9,12,15,18,20]",0.09260279428439191,0.09727785118031401,0.1024512137735299,0.08859818512976225,0.04805880104461212,0.09612789469637797,-0.05318130006414883,True,True,False,0.538621747506623,0.0040046091546296625,0.4035435861091424,0.0,3970.421006944438,0.01579979001306426,False,True,False,0.8815632277007188,-2.95061880660484,15685.619900173624,11715.198893229186,0.09261956665132491,0.3043346293988328,0.464790403842926,0.001333406406954108,0.10043432563807503,0.08946949998631233,,,,,,,,,outputs/probe/p6_s0/coframe_full_kv_seed0/trace.json
p6_s0,The camera circles around a stationary bronze statue in a plaza.,0,full_kv,coframe,20,8,"[0,1,3,6,9,12,15,18,20]","[0,1,3,6,9,12,15,18,20]",0.09864831091325552,0.15879857925092314,0.12637052792609807,0.09864556456715222,0.3787834162081645,0.2193724871439534,0.20420869933341393,True,True,True,0.9999543439989211,2.746346103296715e-06,0.8372785258681786,,9809.406467013905,0.06015780558631802,False,False,False,0.5354459856231649,,23244.52528211809,13435.118815104186,0.09865623211113725,0.3140958963615049,0.42404353618621826,0.0020362237883268103,0.09066415049001975,0.07468727546780589,,,,,,,,,outputs/probe/p6_s0/coframe_full_kv_seed0/trace.json
p6_s0,The camera circles around a stationary bronze statue in a plaza.,0,full_kv,coframe,20,14,"[0,1,3,6,9,12,14,17,20]","[0,1,3,6,9,12,15,18,20]",0.12084627082636637,0.17354115791615793,0.15061462610726145,0.11606789682720674,0.3036448973980557,0.19764584655739412,0.13211005437668485,True,True,False,0.9168591809717539,0.0047783739991596325,0.8099017920421181,-1.2343738447133543,13719.406467013876,0.07358488808007628,False,False,True,0.7294927609598056,-4.729369204834803,35179.22710503475,21459.820638020872,0.12086008324065649,0.34764936824429366,0.5329383611679077,0.0023697415828914385,0.07409921123119621,0.06630283995684529,,,,,,,,,outputs/probe/p6_s0/coframe_full_kv_seed0/trace.json
p6_s0,The camera circles around a stationary bronze statue in a plaza.,0,full_kv,coframe,20,20,"[0,1,3,6,8,11,14,17,20]","[0,1,4,7,10,12,15,18,20]",0.08282892964606797,0.08731287154250153,0.08283396906347466,0.07336025907733965,0.05135487834976194,6.0837570186082106e-05,0.05129716157424348,True,True,False,0.32136934266822503,0.009468670568728327,0.349377341297965,0.08392449245130278,4920.011935763876,0.021770650461960542,False,False,True,0.7899564645135162,-1.7366143033090498,14697.669487847248,9777.657552083372,0.08284466637224253,0.28782749412146597,0.43087294697761536,0.0013420605832019468,0.11957000967010929,0.10429267263307905,,,,,,,,,outputs/probe/p6_s0/coframe_full_kv_seed0/trace.json
p6_s0,The camera circles around a stationary bronze statue in a plaza.,0,full_kv,coframe,40,8,"[0,1,3,6,9,12,15,17,20]","[0,1,3,6,9,12,15,17,20]",0.05751289506094311,0.08265477574820991,0.07411327571261542,0.05751028549669731,0.30417940717492425,0.22398660013413252,0.10333946173436301,True,True,True,0.9998962172539709,2.6095642458034973e-06,0.742411663460565,,0.0,0.0,True,True,True,0.527488103675205,,12370.049913194438,12370.049913194438,0.057522642031043306,0.23983878341720152,0.3234388828277588,0.0016907846596713955,0.08634055261406522,0.0687083514808278,,,,,,,,,outputs/probe/p6_s0/coframe_full_kv_seed0/trace.json
p6_s0,The camera circles around a stationary bronze statue in a plaza.,0,full_kv,coframe,40,14,"[0,1,3,6,9,12,14,17,20]","[0,1,3,6,9,12,15,17,20]",0.07345335005375432,0.10295807691513138,0.09351374006002636,0.07035109237670119,0.2865702987605129,0.21451810176125236,0.09172992676320109,True,True,False,0.9048591054656756,0.003102257677053133,0.8379062468360838,-0.8011664996555368,7380.746636284661,0.07583856567817934,False,False,True,0.7339475549255847,-3.4379450241015985,18185.630154079816,10804.883517795155,0.0734825218052357,0.2710765976716465,0.40989235043525696,0.0022021851337155917,0.0629917332713122,0.056369188326735015,,,,,,,,,outputs/probe/p6_s0/coframe_full_kv_seed0/trace.json
p6_s0,The camera circles around a stationary bronze statue in a plaza.,0,full_kv,coframe,40,20,"[0,1,3,6,8,11,14,17,20]","[0,1,3,6,9,12,15,17,20]",0.08225204127652126,0.08781145357030155,0.08537660609591413,0.07632261953804816,0.06331078769046278,0.0365974353194909,0.027728130846144023,True,True,False,0.48389699756937643,0.005929421738473106,0.4620026323782525,-0.23861190403731955,3981.6545138889924,0.024739918559143776,False,False,True,0.8113597246127366,-2.48474690074688,11202.103081597248,7220.448567708256,0.08227009528299356,0.2868276403748313,0.42738068103790283,0.0015671235479655717,0.12393665561770237,0.10661000911657152,,,,,,,,,outputs/probe/p6_s0/coframe_full_kv_seed0/trace.json
p7_s0,A cup sits on a table while steam rises slowly; the rest of the scene remains still.,0,anchor_only,coframe,5,8,"[0,1,2,3,7,9,11,15,20]","[0,1,2,3,7,9,11,16,20]",0.17957424590818455,0.22095047124729822,0.24913543868657748,0.17914177055964553,0.18726470735970255,0.279210348977705,-0.1275623775779745,True,True,False,0.9896558529342975,0.0004324753485390187,0.5601093449427964,-52.932439425778924,30830.500065104105,0.12945720284420054,False,False,True,0.12088690898045966,-29.964612315479094,17700.93272569441,-13129.567339409696,0.2050021414333805,0.4527716217182571,0.7049914598464966,0.16430573101052384,0.09331882578901701,0.08059947520096059,,,,,,,,,outputs/probe/p7_s0/coframe_anchor_only_seed0/trace.json
p7_s0,A cup sits on a table while steam rises slowly; the rest of the scene remains still.,0,anchor_only,coframe,5,14,"[0,1,3,7,9,11,14,17,20]","[0,1,2,3,7,9,11,15,20]",0.15998385740928237,0.20757808918194856,0.1952975058835235,0.14396678445019942,0.22928350463303665,0.18081976169886357,0.0591612696061614,True,True,False,0.7482039862784227,0.016017072959082945,0.5028449934190544,-0.457207501024131,24102.749348958314,0.08517297935208636,False,False,True,0.603381593601296,-3.8668876135444994,80500.1155815972,56397.36623263889,0.17801163476307336,0.4219142504858936,0.8194454908370972,0.1399483329501066,0.07765004005068397,0.0634258902297961,,,,,,,,,outputs/probe/p7_s0/coframe_anchor_only_seed0/trace.json
p7_s0,A cup sits on a table while steam rises slowly; the rest of the scene remains still.,0,anchor_only,coframe,5,20,"[0,1,3,6,8,11,14,17,20]","[0,1,2,4,7,9,12,16,20]",0.12021623984498714,0.10905970277055771,0.1168198109844198,0.09619289759317805,-0.10229751953295532,-0.02907408282847087,-0.07115467965457406,False,False,False,-0.8670790394839467,0.02402334225180909,0.17608585602915866,0.0,31246.451822916686,0.11838344967461481,False,True,False,0.8306773311734332,-0.03029473485357454,32193.054796006938,946.6029730902519,0.13844479181220187,0.3720817004532766,0.6762826442718506,0.12398588090326845,0.10834973093071966,0.09259232394076848,,,,,,,,,outputs/probe/p7_s0/coframe_anchor_only_seed0/trace.json
p7_s0,A cup sits on a table while steam rises slowly; the rest of the scene remains still.,0,anchor_only,coframe,20,8,"[0,1,2,5,8,11,14,17,20]","[0,1,2,5,8,11,14,17,20]",0.12956659546456353,0.30220108163689935,0.17969616536451063,0.12956151964960533,0.571257009529038,0.27896850107101684,0.4053755056362797,True,True,True,0.9999705987729592,5.075814958205305e-06,0.9203604333299585,,0.0,0.0,True,True,True,0.09397590361445783,,0.0,0.0,0.1564816627426886,0.39557763175221194,0.5134129524230957,0.17738159756036803,0.08818781905161988,0.07622353348051446,,,,,,,,,outputs/probe/p7_s0/coframe_anchor_only_seed0/trace.json
p7_s0,A cup sits on a table while steam rises slowly; the rest of the scene remains still.,0,anchor_only,coframe,20,14,"[0,1,3,5,8,11,14,17,20]","[0,1,2,5,8,11,14,17,20]",0.06487573266602302,0.1823707533527647,0.09172589289653214,0.06295667679493741,0.6442646012404625,0.2927217101151189,0.49703616829884856,True,True,False,0.9839293998965333,0.0019190558710856093,0.9292700212615167,-2.55466344385234,16796.656467013818,0.10526696197126525,False,False,True,0.3122000607471904,1.0,0.0,-16796.656467013818,0.07999378310097216,0.2828317222324472,0.4396623373031616,0.1163551300120731,0.08700046559682262,0.07149691285526502,,,,,,,,,outputs/probe/p7_s0/coframe_anchor_only_seed0/trace.json
p7_s0,A cup sits on a table while steam rises slowly; the rest of the scene remains still.,0,anchor_only,coframe,20,20,"[0,1,3,6,9,11,14,17,20]","[0,1,2,5,8,11,14,17,20]",0.0650019463587383,0.0881975537397198,0.0699306970112828,0.05737351590483055,0.2629960401105247,0.07048050231430245,0.20711296349946856,True,True,False,0.7525168345961073,0.007628430453907743,0.30572036043332995,-0.1973758101617455,7147.538194444554,0.044575766202690284,False,False,True,0.47548850865647463,-0.7509699546281404,10452.127495659777,3304.589301215223,0.08244362121842158,0.2871299726925449,0.45356208086013794,0.12137822209162522,0.10231178411858426,0.08293363763009534,,,,,,,,,outputs/probe/p7_s0/coframe_anchor_only_seed0/trace.json
p7_s0,A cup sits on a table while steam rises slowly; the rest of the scene remains still.,0,anchor_only,coframe,40,8,"[0,1,2,5,8,11,14,17,20]","[0,1,2,5,8,11,14,17,20]",0.07584041149085988,0.1826001405578056,0.11488359745861497,0.07583893207639568,0.5846640026717224,0.3398499597109134,0.37084606228850986,True,True,True,0.9999861427714688,1.479414464197748e-06,0.9022780196415916,,0.0,0.0,True,True,True,0.1440720866659917,,0.0,0.0,0.09185325471959184,0.3030730187918282,0.3934054970741272,0.13976912606501105,0.08209838349108219,0.06967505614617285,,,,,,,,,outputs/probe/p7_s0/coframe_anchor_only_seed0/trace.json
p7_s0,A cup sits on a table while steam rises slowly; the rest of the scene remains still.,0,anchor_only,coframe,40,14,"[0,1,3,5,8,11,14,17,20]","[0,1,2,5,8,11,14,17,20]",0.0324430853214904,0.08523113956407702,0.046360778836248694,0.031112681471877738,0.6193517359098596,0.30020404885597585,0.4560582074419582,True,True,False,0.975416819020488,0.0013304038496126623,0.8418953123418041,-1.6310846466920037,9552.748914930547,0.10781218718924045,False,False,True,0.4960818062164625,1.0,0.0,-9552.748914930547,0.04251823367238535,0.2061994996899492,0.31609565019607544,0.09727006157802862,0.09813382028933677,0.0725440245730062,,,,,,,,,outputs/probe/p7_s0/coframe_anchor_only_seed0/trace.json
p7_s0,A cup sits on a table while steam rises slowly; the rest of the scene remains still.,0,anchor_only,coframe,40,20,"[0,1,3,6,8,11,14,17,20]","[0,1,2,5,8,11,14,17,20]",0.044645427172812086,0.06657969208454854,0.05292361426711652,0.041143121688926636,0.3294437721923146,0.15641764473081327,0.20510875598659092,True,True,False,0.8623121973830143,0.0035023054838854498,0.4954338361850764,-0.2997675103031167,6781.812282986095,0.07137091297799737,False,False,True,0.6099220411055989,-0.6784987915094169,8757.92296006938,1976.1106770832848,0.06273599073263035,0.2504715367714071,0.39017704129219055,0.12340854066508986,0.10008608588869732,0.08941419415104321,,,,,,,,,outputs/probe/p7_s0/coframe_anchor_only_seed0/trace.json
p7_s0,A cup sits on a table while steam rises slowly; the rest of the scene remains still.,0,full_kv,coframe,5,8,"[0,1,2,3,7,9,11,15,20]","[0,1,2,3,7,9,11,16,20]",0.1863983055185296,0.22370455042239284,0.25739040545200614,0.18438320213278023,0.16676569534872052,0.2758148650055799,-0.15058189458376497,True,True,False,0.9487529427804059,0.002015103385749367,0.5349397590361445,-11.162673092885047,32228.5205078125,0.13111832176748492,False,False,True,0.0934899260909183,-5.789295522543297,17990.202343750047,-14238.318164062453,0.18643073547976627,0.43177625627142385,0.7087061405181885,0.0024759047466352225,0.08751049845965848,0.0749599268151129,,,,,,,,,outputs/probe/p7_s0/coframe_full_kv_seed0/trace.json
p7_s0,A cup sits on a table while steam rises slowly; the rest of the scene remains still.,0,full_kv,coframe,5,14,"[0,1,3,7,9,11,14,17,20]","[0,1,2,3,7,9,11,15,20]",0.1808424394003093,0.25079886601122936,0.23415074213507073,0.16491916998761358,0.27893438165620654,0.2276665973751658,0.06638037938900897,True,True,False,0.8145863323931999,0.01592326941269573,0.5004556039283183,-0.7762261543631854,25186.41004774312,0.07630448183440917,False,False,True,0.5450035435861091,-5.856275152680487,97220.14112413209,72033.73107638897,0.18085803629999492,0.4252740719818161,0.8668412566184998,0.0024972541696336096,0.08407423323536918,0.0668079196612596,,,,,,,,,outputs/probe/p7_s0/coframe_full_kv_seed0/trace.json
p7_s0,A cup sits on a table while steam rises slowly; the rest of the scene remains still.,0,full_kv,coframe,5,20,"[0,1,3,6,8,11,14,17,20]","[0,1,2,4,7,9,11,15,20]",0.12412541307697499,0.11480635316084284,0.1281409304178416,0.09898243156786887,-0.08117198795676589,0.031336726897275013,-0.11614842637076998,False,True,False,-0.5889222757694865,0.025142981509106113,0.17954844588437785,0.0,30264.80815972222,0.10843957612066256,False,True,False,0.8524653234787891,-0.10195961521246988,33350.596354166715,3085.788194444496,0.12414728782577672,0.35234540982646095,0.6874417066574097,0.0015259213772746037,0.09815374443292339,0.08963338539328743,,,,,,,,,outputs/probe/p7_s0/coframe_full_kv_seed0/trace.json
p7_s0,A cup sits on a table while steam rises slowly; the rest of the scene remains still.,0,full_kv,coframe,20,8,"[0,1,3,6,9,12,15,17,20]","[0,1,3,6,9,12,15,17,20]",0.13959711470680525,0.29510162488559133,0.18801092760332416,0.1396062254794589,0.5269524023768897,0.2575053137265779,0.36289429895137115,True,True,True,1.0000585919113263,-9.11077265364213e-06,0.7260099220411056,,8663.027886284719,0.053936837208983054,False,False,False,0.5095676824946846,,22339.504123263847,13676.476236979128,0.13962138444702693,0.3736594498296904,0.5188407301902771,0.0022400041144762,0.08357706323792419,0.07232431834408001,,,,,,,,,outputs/probe/p7_s0/coframe_full_kv_seed0/trace.json
p7_s0,A cup sits on a table while steam rises slowly; the rest of the scene remains still.,0,full_kv,coframe,20,14,"[0,1,3,6,9,12,15,18,20]","[0,1,3,6,9,12,15,18,20]",0.08319797215787726,0.2231107411296933,0.1218530358372779,0.08322018988559371,0.6271001040263021,0.31722692351317755,0.4538450492329939,True,True,True,1.0001588222186477,-2.221772771644759e-05,0.9473929330768452,,3972.606770833343,0.0189692988581587,False,False,False,0.23750126556646756,,52617.010959201405,48644.40418836806,0.08319255787643338,0.28843120128799066,0.42068320512771606,0.0019827824412669897,0.08289735517278518,0.07242971887230892,,,,,,,,,outputs/probe/p7_s0/coframe_full_kv_seed0/trace.json
p7_s0,A cup sits on a table while steam rises slowly; the rest of the scene remains still.,0,full_kv,coframe,20,20,"[0,1,3,6,9,12,14,17,20]","[0,1,3,6,9,12,15,18,20]",0.06363838637746722,0.09862969537495342,0.0747299910104913,0.05839899984453524,0.3547745824871735,0.14842240020431607,0.24231753199281753,True,True,False,0.8697664441577823,0.005239386532931975,0.4133238837703756,-0.5264685416768289,10984.401041666657,0.0718115787815061,False,False,True,0.6693935405487497,-1.1522830159335171,15487.734700520785,4503.333658854128,0.06365279814189778,0.2522950616676787,0.42588010430336,0.0014806088675562846,0.08252710478599955,0.06999030821636695,,,,,,,,,outputs/probe/p7_s0/coframe_full_kv_seed0/trace.json
p7_s0,A cup sits on a table while steam rises slowly; the rest of the scene remains still.,0,full_kv,coframe,40,8,"[0,1,3,6,9,12,15,17,20]","[0,1,3,6,9,12,15,17,20]",0.08621383514694414,0.2051833580881245,0.12468527687749054,0.08621435954857665,0.5798205275989486,0.3085483923522622,0.39232266184112613,True,True,True,1.000004407884734,-5.244016325067768e-07,0.827761466032196,,8097.398111979186,0.08006928121318055,False,False,False,0.25538118862002634,,13437.588053385436,5340.18994140625,0.08622379887046541,0.2936388919582442,0.40803784132003784,0.00196092774159209,0.07751972589570981,0.06629328486109008,,,,,,,,,outputs/probe/p7_s0/coframe_full_kv_seed0/trace.json
p7_s0,A cup sits on a table while steam rises slowly; the rest of the scene remains still.,0,full_kv,coframe,40,14,"[0,1,3,6,9,11,14,17,20]","[0,1,3,6,9,12,14,17,20]",0.04270450806157973,0.11130367743523327,0.06701477534634252,0.040145750005256046,0.6163243744895208,0.36275981168516414,0.3979105013368683,True,True,False,0.9640411385106511,0.002558758056323683,0.8541257466842158,-1.3627758143347612,15722.597873263949,0.14065234407232993,False,False,True,0.4012756909992913,-4.11661069198995,34047.41655815976,18324.818684895814,0.04271068362898728,0.20666563243313407,0.35049140453338623,0.0016686902497240691,0.10608769504040919,0.07980377490843643,,,,,,,,,outputs/probe/p7_s0/coframe_full_kv_seed0/trace.json
p7_s0,A cup sits on a table while steam rises slowly; the rest of the scene remains still.,0,full_kv,coframe,40,20,"[0,1,3,6,8,11,14,17,20]","[0,1,3,6,9,12,15,17,20]",0.05043201430065609,0.07612988402678071,0.055319356693456605,0.04277038159240419,0.33755298664430794,0.08834778068521197,0.2733555633160225,True,True,False,0.7703313254349775,0.007661632708251896,0.20599372279032094,0.0,6368.388671875087,0.061893410160557105,False,True,False,0.4109547433431204,-0.811107788629501,11533.838324652854,5165.4496527777665,0.05045075172047341,0.22461244783064319,0.3767246603965759,0.0015279534263830479,0.07705688458184075,0.059301365399998945,,,,,,,,,outputs/probe/p7_s0/coframe_full_kv_seed0/trace.json
